dataset_id,dataset,target,epsilon,seed,fault_mode,fault_rate,n_test,evidence_type,stuck_value,segment_length,bias,method,fault_ratio_true,fault_ratio_estimated,fault_ratio_abs_error,stuck_bucket_true,stuck_bucket_estimated,stuck_bucket_top1,posterior_brier,posterior_ece,template_source,template_range,template_flank_delta
air_quality,UCI Air Quality,C6H6(GT),2.0,0,iid_stuck,0.2001111728738188,1799,random_synthetic_injection,-0.9337349397590361,,,privsaf_mixture,0.2001111728738188,0.463030303030303,0.2629191301564842,1,1,1.0,0.22841223095546515,0.2637204194368154,,,
air_quality,UCI Air Quality,C6H6(GT),2.0,0,iid_stuck,0.2001111728738188,1799,random_synthetic_injection,-0.9337349397590361,,,privsaf_hmm,0.2001111728738188,0.44929685353558907,0.24918568066177027,1,2,0.0,0.38941182180443795,0.37407641990695795,,,
air_quality,UCI Air Quality,C6H6(GT),2.0,1,iid_stuck,0.2001111728738188,1799,random_synthetic_injection,-0.9337349397590361,,,privsaf_mixture,0.2001111728738188,0.476969696969697,0.2768585240958782,1,1,1.0,0.238669407158758,0.27658190416628403,,,
air_quality,UCI Air Quality,C6H6(GT),2.0,1,iid_stuck,0.2001111728738188,1799,random_synthetic_injection,-0.9337349397590361,,,privsaf_hmm,0.2001111728738188,0.4069417417214971,0.2068305688476783,1,1,1.0,0.3636570562217804,0.35977566859657906,,,
air_quality,UCI Air Quality,C6H6(GT),2.0,2,iid_stuck,0.2001111728738188,1799,random_synthetic_injection,-0.9337349397590361,,,privsaf_mixture,0.2001111728738188,0.3515151515151515,0.1514039786413327,1,1,1.0,0.1805454040283543,0.1509175329739702,,,
air_quality,UCI Air Quality,C6H6(GT),2.0,2,iid_stuck,0.2001111728738188,1799,random_synthetic_injection,-0.9337349397590361,,,privsaf_hmm,0.2001111728738188,0.3080315390234035,0.10792036614958472,1,2,0.0,0.30532312808860657,0.29412685542311595,,,
air_quality,UCI Air Quality,C6H6(GT),2.0,0,iid_stuck,0.2001111728738188,1799,random_synthetic_injection,0.4277108433734942,,,privsaf_mixture,0.2001111728738188,0.1493939393939394,0.05071723347987939,22,23,0.0,0.11417281259929855,0.051148414382510964,,,
air_quality,UCI Air Quality,C6H6(GT),2.0,0,iid_stuck,0.2001111728738188,1799,random_synthetic_injection,0.4277108433734942,,,privsaf_hmm,0.2001111728738188,0.22140591931599904,0.02129474644218024,22,2,0.0,0.2938351596754872,0.2970119760870671,,,
air_quality,UCI Air Quality,C6H6(GT),2.0,1,iid_stuck,0.2001111728738188,1799,random_synthetic_injection,0.4277108433734942,,,privsaf_mixture,0.2001111728738188,0.17030303030303032,0.02980814257078848,22,22,1.0,0.1185890537047937,0.030754563798031227,,,
air_quality,UCI Air Quality,C6H6(GT),2.0,1,iid_stuck,0.2001111728738188,1799,random_synthetic_injection,0.4277108433734942,,,privsaf_hmm,0.2001111728738188,0.18956650956818538,0.010544663305633417,22,1,0.0,0.2675750315277033,0.2656230114271901,,,
air_quality,UCI Air Quality,C6H6(GT),2.0,2,iid_stuck,0.2001111728738188,1799,random_synthetic_injection,0.4277108433734942,,,privsaf_mixture,0.2001111728738188,0.15636363636363637,0.04374753651018243,22,22,1.0,0.12414604829140462,0.044714520150881135,,,
air_quality,UCI Air Quality,C6H6(GT),2.0,2,iid_stuck,0.2001111728738188,1799,random_synthetic_injection,0.4277108433734942,,,privsaf_hmm,0.2001111728738188,0.08353823860502346,0.11657293426879534,22,18,0.0,0.2186845038661708,0.21299601547443878,,,
air_quality,UCI Air Quality,C6H6(GT),2.0,0,segment_stuck,0.2001111728738188,1799,random_synthetic_injection,-0.9337349397590361,48.0,,privsaf_mixture,0.2001111728738188,0.4351515151515151,0.23504034227769632,1,1,1.0,0.2175923176851503,0.23583534039194523,,,
air_quality,UCI Air Quality,C6H6(GT),2.0,0,segment_stuck,0.2001111728738188,1799,random_synthetic_injection,-0.9337349397590361,48.0,,privsaf_hmm,0.2001111728738188,0.4002492249664619,0.20013805209264313,1,1,1.0,0.18700355585274017,0.20013805209264313,,,
air_quality,UCI Air Quality,C6H6(GT),2.0,1,segment_stuck,0.2001111728738188,1799,random_synthetic_injection,-0.9337349397590361,48.0,,privsaf_mixture,0.2001111728738188,0.3933333333333333,0.1932221604595145,1,1,1.0,0.19283425573276614,0.19406359231064563,,,
air_quality,UCI Air Quality,C6H6(GT),2.0,1,segment_stuck,0.2001111728738188,1799,random_synthetic_injection,-0.9337349397590361,48.0,,privsaf_hmm,0.2001111728738188,0.38522520102767954,0.18511402815386074,1,1,1.0,0.16794463081911243,0.18511402815386072,,,
air_quality,UCI Air Quality,C6H6(GT),2.0,2,segment_stuck,0.2001111728738188,1799,random_synthetic_injection,-0.9337349397590361,48.0,,privsaf_mixture,0.2001111728738188,0.35848484848484846,0.15837367561102966,1,0,0.0,0.18608920359438222,0.15878244998757457,,,
air_quality,UCI Air Quality,C6H6(GT),2.0,2,segment_stuck,0.2001111728738188,1799,random_synthetic_injection,-0.9337349397590361,48.0,,privsaf_hmm,0.2001111728738188,0.3966764237556813,0.1965652508818625,1,0,0.0,0.183429272522686,0.1965652508818625,,,
air_quality,UCI Air Quality,C6H6(GT),2.0,0,segment_stuck,0.2001111728738188,1799,random_synthetic_injection,0.4277108433734942,48.0,,privsaf_mixture,0.2001111728738188,0.15636363636363637,0.04374753651018243,22,23,0.0,0.12144889534129061,0.04552170518635067,,,
air_quality,UCI Air Quality,C6H6(GT),2.0,0,segment_stuck,0.2001111728738188,1799,random_synthetic_injection,0.4277108433734942,48.0,,privsaf_hmm,0.2001111728738188,0.19708177521462167,0.0030293976591971306,22,22,1.0,0.019381410369351443,0.012315368847299082,,,
air_quality,UCI Air Quality,C6H6(GT),2.0,1,segment_stuck,0.2001111728738188,1799,random_synthetic_injection,0.4277108433734942,48.0,,privsaf_mixture,0.2001111728738188,0.17030303030303032,0.02980814257078848,22,23,0.0,0.11952467951740366,0.03225658396363273,,,
air_quality,UCI Air Quality,C6H6(GT),2.0,1,segment_stuck,0.2001111728738188,1799,random_synthetic_injection,0.4277108433734942,48.0,,privsaf_hmm,0.2001111728738188,0.2071364118401725,0.0070252389663537085,22,22,1.0,0.007824910731606698,0.009559578535436363,,,
air_quality,UCI Air Quality,C6H6(GT),2.0,2,segment_stuck,0.2001111728738188,1799,random_synthetic_injection,0.4277108433734942,48.0,,privsaf_mixture,0.2001111728738188,0.17030303030303032,0.02980814257078848,22,23,0.0,0.11994601965608871,0.031590258721641395,,,
air_quality,UCI Air Quality,C6H6(GT),2.0,2,segment_stuck,0.2001111728738188,1799,random_synthetic_injection,0.4277108433734942,48.0,,privsaf_hmm,0.2001111728738188,0.2193954878591681,0.0192843149853493,22,22,1.0,0.014257630551963586,0.020043332873408374,,,
air_quality,UCI Air Quality,C6H6(GT),2.0,0,template_stuck,0.2001111728738188,1799,template_based_semireal_injection,-1.0,8.0,,privsaf_mixture,0.2001111728738188,0.38636363636363635,0.18625246348981755,0,0,1.0,0.19113229426820025,0.1879962626990548,native_flatline,0.0,0.15625
air_quality,UCI Air Quality,C6H6(GT),2.0,0,template_stuck,0.2001111728738188,1799,template_based_semireal_injection,-1.0,8.0,,privsaf_hmm,0.2001111728738188,0.36067796393026824,0.16056679105644944,0,0,1.0,0.24550161289721853,0.2306664292417709,native_flatline,0.0,0.15625
air_quality,UCI Air Quality,C6H6(GT),2.0,1,template_stuck,0.2001111728738188,1799,template_based_semireal_injection,-0.9994979919678716,12.0,,privsaf_mixture,0.2001111728738188,0.37242424242424244,0.17231306955042364,0,0,1.0,0.18584579282314756,0.17321725754743555,native_flatline,0.0060240963855421326,0.14369979919678733
air_quality,UCI Air Quality,C6H6(GT),2.0,1,template_stuck,0.2001111728738188,1799,template_based_semireal_injection,-0.9994979919678716,12.0,,privsaf_hmm,0.2001111728738188,0.3185507874073109,0.11843961453349211,0,0,1.0,0.19715851296169973,0.17295969209907652,native_flatline,0.0060240963855421326,0.14369979919678733
air_quality,UCI Air Quality,C6H6(GT),2.0,2,template_stuck,0.2001111728738188,1799,template_based_semireal_injection,-1.0,8.0,,privsaf_mixture,0.2001111728738188,0.3654545454545455,0.16534337258072668,0,0,1.0,0.1809032455942805,0.16678831570947533,native_flatline,0.0,0.15625
air_quality,UCI Air Quality,C6H6(GT),2.0,2,template_stuck,0.2001111728738188,1799,template_based_semireal_injection,-1.0,8.0,,privsaf_hmm,0.2001111728738188,0.4136507852409456,0.21353961236712682,0,1,0.0,0.306042442960834,0.2824748419494894,native_flatline,0.0,0.15625
air_quality,UCI Air Quality,C6H6(GT),2.0,0,bias,0.2001111728738188,1799,random_synthetic_injection,,48.0,0.35,privsaf_mixture,0.2001111728738188,0.17030303030303032,0.02980814257078848,,1,,0.1875302552476486,0.15637241046888647,,,
air_quality,UCI Air Quality,C6H6(GT),2.0,0,bias,0.2001111728738188,1799,random_synthetic_injection,,48.0,0.35,privsaf_hmm,0.2001111728738188,0.20263234176153674,0.002521168887717945,,1,,0.3497111543002075,0.36463315508651967,,,
air_quality,UCI Air Quality,C6H6(GT),2.0,1,bias,0.2001111728738188,1799,random_synthetic_injection,,48.0,0.35,privsaf_mixture,0.2001111728738188,0.09363636363636363,0.10647480923745517,,0,,0.1877548553554101,0.15259911571708562,,,
air_quality,UCI Air Quality,C6H6(GT),2.0,1,bias,0.2001111728738188,1799,random_synthetic_injection,,48.0,0.35,privsaf_hmm,0.2001111728738188,0.14700523695197434,0.053105935921844455,,0,,0.3043043228341431,0.317114036485433,,,
air_quality,UCI Air Quality,C6H6(GT),2.0,2,bias,0.2001111728738188,1799,random_synthetic_injection,,48.0,0.35,privsaf_mixture,0.2001111728738188,0.1215151515151515,0.07859602135866729,,0,,0.18739955822071408,0.14689650863475442,,,
air_quality,UCI Air Quality,C6H6(GT),2.0,2,bias,0.2001111728738188,1799,random_synthetic_injection,,48.0,0.35,privsaf_hmm,0.2001111728738188,0.17412627032161065,0.025984902552208144,,0,,0.33190299470356965,0.35150618428222985,,,
air_quality,UCI Air Quality,C6H6(GT),4.0,0,iid_stuck,0.2001111728738188,1799,random_synthetic_injection,-0.9337349397590361,,,privsaf_mixture,0.2001111728738188,0.38636363636363635,0.18625246348981755,1,1,1.0,0.18686383275406657,0.19421225647136203,,,
air_quality,UCI Air Quality,C6H6(GT),4.0,0,iid_stuck,0.2001111728738188,1799,random_synthetic_injection,-0.9337349397590361,,,privsaf_hmm,0.2001111728738188,0.32822814547137635,0.12811697259755755,1,1,1.0,0.3332480756481273,0.3258385745910264,,,
air_quality,UCI Air Quality,C6H6(GT),4.0,1,iid_stuck,0.2001111728738188,1799,random_synthetic_injection,-0.9337349397590361,,,privsaf_mixture,0.2001111728738188,0.34454545454545454,0.14443428167163574,1,1,1.0,0.17111789113276574,0.15426134174508407,,,
air_quality,UCI Air Quality,C6H6(GT),4.0,1,iid_stuck,0.2001111728738188,1799,random_synthetic_injection,-0.9337349397590361,,,privsaf_hmm,0.2001111728738188,0.24685730986207222,0.04674613698825342,1,0,0.0,0.2830696078294128,0.272198875829444,,,
air_quality,UCI Air Quality,C6H6(GT),4.0,2,iid_stuck,0.2001111728738188,1799,random_synthetic_injection,-0.9337349397590361,,,privsaf_mixture,0.2001111728738188,0.37242424242424244,0.17231306955042364,1,1,1.0,0.1780414395440833,0.1745827994882656,,,
air_quality,UCI Air Quality,C6H6(GT),4.0,2,iid_stuck,0.2001111728738188,1799,random_synthetic_injection,-0.9337349397590361,,,privsaf_hmm,0.2001111728738188,0.3096276153408232,0.10951644246700443,1,1,1.0,0.31372894382754535,0.3067693272581856,,,
air_quality,UCI Air Quality,C6H6(GT),4.0,0,iid_stuck,0.2001111728738188,1799,random_synthetic_injection,0.4277108433734942,,,privsaf_mixture,0.2001111728738188,0.18424242424242424,0.015868748631394564,22,22,1.0,0.045905653777074784,0.02133002101780773,,,
air_quality,UCI Air Quality,C6H6(GT),4.0,0,iid_stuck,0.2001111728738188,1799,random_synthetic_injection,0.4277108433734942,,,privsaf_hmm,0.2001111728738188,0.15298132632831626,0.047129846545502535,22,0,0.0,0.2816433426542804,0.27927049368135015,,,
air_quality,UCI Air Quality,C6H6(GT),4.0,1,iid_stuck,0.2001111728738188,1799,random_synthetic_injection,0.4277108433734942,,,privsaf_mixture,0.2001111728738188,0.18424242424242424,0.015868748631394564,22,22,1.0,0.051958457390869926,0.023588565641908737,,,
air_quality,UCI Air Quality,C6H6(GT),4.0,1,iid_stuck,0.2001111728738188,1799,random_synthetic_injection,0.4277108433734942,,,privsaf_hmm,0.2001111728738188,0.13899734273792816,0.06111383013589064,22,0,0.0,0.26209084971421176,0.2539790358630041,,,
air_quality,UCI Air Quality,C6H6(GT),4.0,2,iid_stuck,0.2001111728738188,1799,random_synthetic_injection,0.4277108433734942,,,privsaf_mixture,0.2001111728738188,0.17727272727272728,0.022838445601091523,22,22,1.0,0.05024516439286275,0.02138903469881017,,,
air_quality,UCI Air Quality,C6H6(GT),4.0,2,iid_stuck,0.2001111728738188,1799,random_synthetic_injection,0.4277108433734942,,,privsaf_hmm,0.2001111728738188,0.12277303723484147,0.07733813563897733,22,0,0.0,0.2632036982962362,0.2647129341992371,,,
air_quality,UCI Air Quality,C6H6(GT),4.0,0,segment_stuck,0.2001111728738188,1799,random_synthetic_injection,-0.9337349397590361,48.0,,privsaf_mixture,0.2001111728738188,0.3515151515151515,0.1514039786413327,1,1,1.0,0.17455102544672813,0.15732193377462597,,,
air_quality,UCI Air Quality,C6H6(GT),4.0,0,segment_stuck,0.2001111728738188,1799,random_synthetic_injection,-0.9337349397590361,48.0,,privsaf_hmm,0.2001111728738188,0.382791399579348,0.1826802267055292,1,1,1.0,0.16260927666688668,0.1826802267055292,,,
air_quality,UCI Air Quality,C6H6(GT),4.0,1,segment_stuck,0.2001111728738188,1799,random_synthetic_injection,-0.9337349397590361,48.0,,privsaf_mixture,0.2001111728738188,0.3793939393939394,0.1792827665201206,1,1,1.0,0.18637887993475646,0.18418373400779442,,,
air_quality,UCI Air Quality,C6H6(GT),4.0,1,segment_stuck,0.2001111728738188,1799,random_synthetic_injection,-0.9337349397590361,48.0,,privsaf_hmm,0.2001111728738188,0.420010025035464,0.21989885216164518,1,1,1.0,0.1968612517158978,0.21989885216164515,,,
air_quality,UCI Air Quality,C6H6(GT),4.0,2,segment_stuck,0.2001111728738188,1799,random_synthetic_injection,-0.9337349397590361,48.0,,privsaf_mixture,0.2001111728738188,0.37242424242424244,0.17231306955042364,1,1,1.0,0.18504231200037274,0.1781992584218955,,,
air_quality,UCI Air Quality,C6H6(GT),4.0,2,segment_stuck,0.2001111728738188,1799,random_synthetic_injection,-0.9337349397590361,48.0,,privsaf_hmm,0.2001111728738188,0.39236281649618643,0.19225164362236763,1,1,1.0,0.16857950126890026,0.19225164362236763,,,
air_quality,UCI Air Quality,C6H6(GT),4.0,0,segment_stuck,0.2001111728738188,1799,random_synthetic_injection,0.4277108433734942,48.0,,privsaf_mixture,0.2001111728738188,0.17727272727272728,0.022838445601091523,22,22,1.0,0.05311239021463523,0.021785854046871247,,,
air_quality,UCI Air Quality,C6H6(GT),4.0,0,segment_stuck,0.2001111728738188,1799,random_synthetic_injection,0.4277108433734942,48.0,,privsaf_hmm,0.2001111728738188,0.20472945172642965,0.0046182788526108465,22,22,1.0,0.005261795595140738,0.004618278852610874,,,
air_quality,UCI Air Quality,C6H6(GT),4.0,1,segment_stuck,0.2001111728738188,1799,random_synthetic_injection,0.4277108433734942,48.0,,privsaf_mixture,0.2001111728738188,0.18424242424242424,0.015868748631394564,22,22,1.0,0.05004792568812744,0.01998544867673082,,,
air_quality,UCI Air Quality,C6H6(GT),4.0,1,segment_stuck,0.2001111728738188,1799,random_synthetic_injection,0.4277108433734942,48.0,,privsaf_hmm,0.2001111728738188,0.20556821140573706,0.005457038531918257,22,22,1.0,0.007198960151322302,0.008973633041722672,,,
air_quality,UCI Air Quality,C6H6(GT),4.0,2,segment_stuck,0.2001111728738188,1799,random_synthetic_injection,0.4277108433734942,48.0,,privsaf_mixture,0.2001111728738188,0.17727272727272728,0.022838445601091523,22,22,1.0,0.056445542179853966,0.023478743736247466,,,
air_quality,UCI Air Quality,C6H6(GT),4.0,2,segment_stuck,0.2001111728738188,1799,random_synthetic_injection,0.4277108433734942,48.0,,privsaf_hmm,0.2001111728738188,0.20715040257067602,0.007039229696857219,22,22,1.0,0.004959463931765222,0.0076126838340853965,,,
air_quality,UCI Air Quality,C6H6(GT),4.0,0,template_stuck,0.2001111728738188,1799,template_based_semireal_injection,-1.0,8.0,,privsaf_mixture,0.2001111728738188,0.3306060606060606,0.13049488773224183,0,0,1.0,0.1557975969926277,0.1413197305327537,native_flatline,0.0,0.15625
air_quality,UCI Air Quality,C6H6(GT),4.0,0,template_stuck,0.2001111728738188,1799,template_based_semireal_injection,-1.0,8.0,,privsaf_hmm,0.2001111728738188,0.3758051797365923,0.17569400686277348,0,0,1.0,0.1769510865913837,0.18003892906592583,native_flatline,0.0,0.15625
air_quality,UCI Air Quality,C6H6(GT),4.0,1,template_stuck,0.2001111728738188,1799,template_based_semireal_injection,-0.9994979919678716,12.0,,privsaf_mixture,0.2001111728738188,0.34454545454545454,0.14443428167163574,0,0,1.0,0.15559070035263778,0.15452905568297454,native_flatline,0.0060240963855421326,0.14369979919678733
air_quality,UCI Air Quality,C6H6(GT),4.0,1,template_stuck,0.2001111728738188,1799,template_based_semireal_injection,-0.9994979919678716,12.0,,privsaf_hmm,0.2001111728738188,0.3760028676806799,0.17589169480686112,0,0,1.0,0.16637851457734465,0.17589169480686112,native_flatline,0.0060240963855421326,0.14369979919678733
air_quality,UCI Air Quality,C6H6(GT),4.0,2,template_stuck,0.2001111728738188,1799,template_based_semireal_injection,-1.0,8.0,,privsaf_mixture,0.2001111728738188,0.35848484848484846,0.15837367561102966,0,0,1.0,0.16413273279156038,0.1626028345458842,native_flatline,0.0,0.15625
air_quality,UCI Air Quality,C6H6(GT),4.0,2,template_stuck,0.2001111728738188,1799,template_based_semireal_injection,-1.0,8.0,,privsaf_hmm,0.2001111728738188,0.367862383292221,0.16775121041840219,0,0,1.0,0.16765454989187759,0.16894062072690355,native_flatline,0.0,0.15625
air_quality,UCI Air Quality,C6H6(GT),4.0,0,bias,0.2001111728738188,1799,random_synthetic_injection,,48.0,0.35,privsaf_mixture,0.2001111728738188,0.09363636363636363,0.10647480923745517,,0,,0.22197408416481806,0.2532168853745292,,,
air_quality,UCI Air Quality,C6H6(GT),4.0,0,bias,0.2001111728738188,1799,random_synthetic_injection,,48.0,0.35,privsaf_hmm,0.2001111728738188,0.17527806298423693,0.024833109889581872,,1,,0.3501905773817855,0.36611061387367794,,,
air_quality,UCI Air Quality,C6H6(GT),4.0,1,bias,0.2001111728738188,1799,random_synthetic_injection,,48.0,0.35,privsaf_mixture,0.2001111728738188,0.11454545454545453,0.08556571832836427,,0,,0.23357933719256926,0.2707062928169955,,,
air_quality,UCI Air Quality,C6H6(GT),4.0,1,bias,0.2001111728738188,1799,random_synthetic_injection,,48.0,0.35,privsaf_hmm,0.2001111728738188,0.15896702026287463,0.041144152610944174,,0,,0.33677930937616524,0.3507780884841849,,,
air_quality,UCI Air Quality,C6H6(GT),4.0,2,bias,0.2001111728738188,1799,random_synthetic_injection,,48.0,0.35,privsaf_mixture,0.2001111728738188,0.10757575757575756,0.09253541529806124,,0,,0.2267015748119702,0.2584531794040611,,,
air_quality,UCI Air Quality,C6H6(GT),4.0,2,bias,0.2001111728738188,1799,random_synthetic_injection,,48.0,0.35,privsaf_hmm,0.2001111728738188,0.1851743799812977,0.014936792892521089,,1,,0.35520692149635397,0.37392852171868574,,,
household_power,UCI Household Power,Global_active_power hourly sample,2.0,0,iid_stuck,0.2,2400,random_synthetic_injection,-0.9706606833646318,,,privsaf_mixture,0.2,0.06575757575757575,0.13424242424242427,0,1,0.0,0.17370450966569956,0.1340305537245563,,,
household_power,UCI Household Power,Global_active_power hourly sample,2.0,0,iid_stuck,0.2,2400,random_synthetic_injection,-0.9706606833646318,,,privsaf_hmm,0.2,0.0822640531351177,0.11773594686488231,0,1,0.0,0.2036425833627862,0.19326663927300794,,,
household_power,UCI Household Power,Global_active_power hourly sample,2.0,1,iid_stuck,0.2,2400,random_synthetic_injection,-0.9706606833646318,,,privsaf_mixture,0.2,0.11454545454545453,0.08545454545454548,0,0,1.0,0.15752357720894003,0.08577819116317387,,,
household_power,UCI Household Power,Global_active_power hourly sample,2.0,1,iid_stuck,0.2,2400,random_synthetic_injection,-0.9706606833646318,,,privsaf_hmm,0.2,0.08047787346290347,0.11952212653709654,0,0,1.0,0.20137379052198853,0.18234873839230537,,,
household_power,UCI Household Power,Global_active_power hourly sample,2.0,2,iid_stuck,0.2,2400,random_synthetic_injection,-0.9706606833646318,,,privsaf_mixture,0.2,0.058787878787878785,0.14121212121212123,0,0,1.0,0.17397351516663856,0.14114629830381356,,,
household_power,UCI Household Power,Global_active_power hourly sample,2.0,2,iid_stuck,0.2,2400,random_synthetic_injection,-0.9706606833646318,,,privsaf_hmm,0.2,0.05473634609707526,0.14526365390292476,0,0,1.0,0.19042752815698236,0.16838892883104778,,,
household_power,UCI Household Power,Global_active_power hourly sample,2.0,0,iid_stuck,0.2,2400,random_synthetic_injection,0.3726963067743015,,,privsaf_mixture,0.2,0.17727272727272728,0.022727272727272735,21,21,1.0,0.11456899568807032,0.02689435999173086,,,
household_power,UCI Household Power,Global_active_power hourly sample,2.0,0,iid_stuck,0.2,2400,random_synthetic_injection,0.3726963067743015,,,privsaf_hmm,0.2,0.053772864306963854,0.14622713569303616,21,13,0.0,0.2028708658161354,0.19226597575999269,,,
household_power,UCI Household Power,Global_active_power hourly sample,2.0,1,iid_stuck,0.2,2400,random_synthetic_injection,0.3726963067743015,,,privsaf_mixture,0.2,0.19121212121212122,0.008787878787878789,21,21,1.0,0.11668974812767301,0.020578038680668213,,,
household_power,UCI Household Power,Global_active_power hourly sample,2.0,1,iid_stuck,0.2,2400,random_synthetic_injection,0.3726963067743015,,,privsaf_hmm,0.2,0.05890714662922358,0.14109285337077643,21,19,0.0,0.19144827960288882,0.17869155096336165,,,
household_power,UCI Household Power,Global_active_power hourly sample,2.0,2,iid_stuck,0.2,2400,random_synthetic_injection,0.3726963067743015,,,privsaf_mixture,0.2,0.19121212121212122,0.008787878787878789,21,21,1.0,0.11920809878361392,0.02007722348025185,,,
household_power,UCI Household Power,Global_active_power hourly sample,2.0,2,iid_stuck,0.2,2400,random_synthetic_injection,0.3726963067743015,,,privsaf_hmm,0.2,0.04833484686937184,0.15166515313062817,21,18,0.0,0.18896008104820325,0.17834310192322608,,,
household_power,UCI Household Power,Global_active_power hourly sample,2.0,0,segment_stuck,0.2,2400,random_synthetic_injection,-0.9706606833646318,48.0,,privsaf_mixture,0.2,0.1006060606060606,0.09939393939393941,0,3,0.0,0.17048012134307025,0.09930768525090475,,,
household_power,UCI Household Power,Global_active_power hourly sample,2.0,0,segment_stuck,0.2,2400,random_synthetic_injection,-0.9706606833646318,48.0,,privsaf_hmm,0.2,0.1982392062696756,0.0017607937303244225,0,0,1.0,0.0627542152252388,0.04493444385599048,,,
household_power,UCI Household Power,Global_active_power hourly sample,2.0,1,segment_stuck,0.2,2400,random_synthetic_injection,-0.9706606833646318,48.0,,privsaf_mixture,0.2,0.1006060606060606,0.09939393939393941,0,1,0.0,0.16437310035037253,0.09932886333754382,,,
household_power,UCI Household Power,Global_active_power hourly sample,2.0,1,segment_stuck,0.2,2400,random_synthetic_injection,-0.9706606833646318,48.0,,privsaf_hmm,0.2,0.17975066278383403,0.02024933721616598,0,0,1.0,0.06589555489091173,0.04776251073883305,,,
household_power,UCI Household Power,Global_active_power hourly sample,2.0,2,segment_stuck,0.2,2400,random_synthetic_injection,-0.9706606833646318,48.0,,privsaf_mixture,0.2,0.07272727272727272,0.1272727272727273,0,0,1.0,0.16775227870913714,0.12711729313935177,,,
household_power,UCI Household Power,Global_active_power hourly sample,2.0,2,segment_stuck,0.2,2400,random_synthetic_injection,-0.9706606833646318,48.0,,privsaf_hmm,0.2,0.2035500560384592,0.003550056038459176,0,0,1.0,0.032186982743894296,0.02266262202527716,,,
household_power,UCI Household Power,Global_active_power hourly sample,2.0,0,segment_stuck,0.2,2400,random_synthetic_injection,0.3726963067743015,48.0,,privsaf_mixture,0.2,0.17727272727272728,0.022727272727272735,21,21,1.0,0.11220800487578776,0.034120039864167055,,,
household_power,UCI Household Power,Global_active_power hourly sample,2.0,0,segment_stuck,0.2,2400,random_synthetic_injection,0.3726963067743015,48.0,,privsaf_hmm,0.2,0.207456645075995,0.007456645075995,21,22,0.0,0.010797056300806225,0.013091185316658163,,,
household_power,UCI Household Power,Global_active_power hourly sample,2.0,1,segment_stuck,0.2,2400,random_synthetic_injection,0.3726963067743015,48.0,,privsaf_mixture,0.2,0.18424242424242424,0.015757575757575776,21,21,1.0,0.11587376559415463,0.02485653586235216,,,
household_power,UCI Household Power,Global_active_power hourly sample,2.0,1,segment_stuck,0.2,2400,random_synthetic_injection,0.3726963067743015,48.0,,privsaf_hmm,0.2,0.21128815853477415,0.011288158534774134,21,22,0.0,0.011797555262939498,0.011294994199066103,,,
household_power,UCI Household Power,Global_active_power hourly sample,2.0,2,segment_stuck,0.2,2400,random_synthetic_injection,0.3726963067743015,48.0,,privsaf_mixture,0.2,0.19818181818181818,0.0018181818181818299,21,21,1.0,0.11318043660146967,0.0189743005435262,,,
household_power,UCI Household Power,Global_active_power hourly sample,2.0,2,segment_stuck,0.2,2400,random_synthetic_injection,0.3726963067743015,48.0,,privsaf_hmm,0.2,0.20096891989432555,0.0009689198943255428,21,21,1.0,0.009179077534074136,0.0080661275493377,,,
household_power,UCI Household Power,Global_active_power hourly sample,2.0,0,template_stuck,0.2,2400,template_based_semireal_injection,0.13007178336544478,48.0,,privsaf_mixture,0.2,0.20515151515151514,0.005151515151515129,18,17,0.0,0.12290034745525631,0.011143038411831573,,,
household_power,UCI Household Power,Global_active_power hourly sample,2.0,0,template_stuck,0.2,2400,template_based_semireal_injection,0.13007178336544478,48.0,,privsaf_hmm,0.2,0.21033741003368334,0.010337410033683325,18,18,1.0,0.015285479282043714,0.013294445378915712,,,
household_power,UCI Household Power,Global_active_power hourly sample,2.0,1,template_stuck,0.2,2400,template_based_semireal_injection,0.13007178336544478,48.0,,privsaf_mixture,0.2,0.19818181818181818,0.0018181818181818299,18,17,0.0,0.12487646155838641,0.013798885264231637,,,
household_power,UCI Household Power,Global_active_power hourly sample,2.0,1,template_stuck,0.2,2400,template_based_semireal_injection,0.13007178336544478,48.0,,privsaf_hmm,0.2,0.2104876839176573,0.010487683917657281,18,18,1.0,0.011225675558445423,0.01107405076917005,,,
household_power,UCI Household Power,Global_active_power hourly sample,2.0,2,template_stuck,0.2,2400,template_based_semireal_injection,0.13007178336544478,48.0,,privsaf_mixture,0.2,0.23303030303030303,0.03303030303030302,18,17,0.0,0.12649296590982992,0.03264871639806238,,,
household_power,UCI Household Power,Global_active_power hourly sample,2.0,2,template_stuck,0.2,2400,template_based_semireal_injection,0.13007178336544478,48.0,,privsaf_hmm,0.2,0.20569342252059922,0.005693422520599206,18,18,1.0,0.014602408354325469,0.011299864284137377,,,
household_power,UCI Household Power,Global_active_power hourly sample,2.0,0,bias,0.2,2400,random_synthetic_injection,,48.0,0.35,privsaf_mixture,0.2,0.2678787878787879,0.06787878787878787,,8,,0.1715066441954625,0.10274859318983648,,,
household_power,UCI Household Power,Global_active_power hourly sample,2.0,0,bias,0.2,2400,random_synthetic_injection,,48.0,0.35,privsaf_hmm,0.2,0.10091162493275355,0.09908837506724646,,14,,0.1138168854942228,0.10465268605742388,,,
household_power,UCI Household Power,Global_active_power hourly sample,2.0,1,bias,0.2,2400,random_synthetic_injection,,48.0,0.35,privsaf_mixture,0.2,0.20515151515151514,0.005151515151515129,,10,,0.16432527817492623,0.09254865852616428,,,
household_power,UCI Household Power,Global_active_power hourly sample,2.0,1,bias,0.2,2400,random_synthetic_injection,,48.0,0.35,privsaf_hmm,0.2,0.08846439268487861,0.1115356073151214,,13,,0.12404814717890958,0.1194517402310178,,,
household_power,UCI Household Power,Global_active_power hourly sample,2.0,2,bias,0.2,2400,random_synthetic_injection,,48.0,0.35,privsaf_mixture,0.2,0.24,0.03999999999999998,,9,,0.16716640930358656,0.09117773524195238,,,
household_power,UCI Household Power,Global_active_power hourly sample,2.0,2,bias,0.2,2400,random_synthetic_injection,,48.0,0.35,privsaf_hmm,0.2,0.0975875244939994,0.1024124755060006,,12,,0.15140089231435835,0.14187859086864119,,,
household_power,UCI Household Power,Global_active_power hourly sample,4.0,0,iid_stuck,0.2,2400,random_synthetic_injection,-0.9706606833646318,,,privsaf_mixture,0.2,0.058787878787878785,0.14121212121212123,0,0,1.0,0.16004708811463303,0.14084334278900873,,,
household_power,UCI Household Power,Global_active_power hourly sample,4.0,0,iid_stuck,0.2,2400,random_synthetic_injection,-0.9706606833646318,,,privsaf_hmm,0.2,0.05383644115064234,0.14616355884935767,0,1,0.0,0.2010570051524389,0.19143806562925098,,,
household_power,UCI Household Power,Global_active_power hourly sample,4.0,1,iid_stuck,0.2,2400,random_synthetic_injection,-0.9706606833646318,,,privsaf_mixture,0.2,0.08666666666666666,0.11333333333333336,0,1,0.0,0.16143633099546698,0.11283390408207637,,,
household_power,UCI Household Power,Global_active_power hourly sample,4.0,1,iid_stuck,0.2,2400,random_synthetic_injection,-0.9706606833646318,,,privsaf_hmm,0.2,0.0789102806400427,0.12108971935995731,0,1,0.0,0.20865693785552336,0.19653535264754338,,,
household_power,UCI Household Power,Global_active_power hourly sample,4.0,2,iid_stuck,0.2,2400,random_synthetic_injection,-0.9706606833646318,,,privsaf_mixture,0.2,0.058787878787878785,0.14121212121212123,0,1,0.0,0.17112331476250708,0.1408476581415878,,,
household_power,UCI Household Power,Global_active_power hourly sample,4.0,2,iid_stuck,0.2,2400,random_synthetic_injection,-0.9706606833646318,,,privsaf_hmm,0.2,0.05885452050666712,0.1411454794933329,0,1,0.0,0.20856360217241549,0.19647313139198608,,,
household_power,UCI Household Power,Global_active_power hourly sample,4.0,0,iid_stuck,0.2,2400,random_synthetic_injection,0.3726963067743015,,,privsaf_mixture,0.2,0.17727272727272728,0.022727272727272735,21,21,1.0,0.05411195673313979,0.02971601675820935,,,
household_power,UCI Household Power,Global_active_power hourly sample,4.0,0,iid_stuck,0.2,2400,random_synthetic_injection,0.3726963067743015,,,privsaf_hmm,0.2,0.04322509616521258,0.15677490383478743,21,21,1.0,0.1728607040423842,0.1685935819680336,,,
household_power,UCI Household Power,Global_active_power hourly sample,4.0,1,iid_stuck,0.2,2400,random_synthetic_injection,0.3726963067743015,,,privsaf_mixture,0.2,0.19121212121212122,0.008787878787878789,21,21,1.0,0.053681536364688115,0.012076000085958476,,,
household_power,UCI Household Power,Global_active_power hourly sample,4.0,1,iid_stuck,0.2,2400,random_synthetic_injection,0.3726963067743015,,,privsaf_hmm,0.2,0.05253092696032477,0.14746907303967524,21,21,1.0,0.1611824666174613,0.154726700048328,,,
household_power,UCI Household Power,Global_active_power hourly sample,4.0,2,iid_stuck,0.2,2400,random_synthetic_injection,0.3726963067743015,,,privsaf_mixture,0.2,0.18424242424242424,0.015757575757575776,21,21,1.0,0.05179529127141059,0.023921472586995434,,,
household_power,UCI Household Power,Global_active_power hourly sample,4.0,2,iid_stuck,0.2,2400,random_synthetic_injection,0.3726963067743015,,,privsaf_hmm,0.2,0.04961880721855085,0.15038119278144915,21,21,1.0,0.17071473608109636,0.16275648856441186,,,
household_power,UCI Household Power,Global_active_power hourly sample,4.0,0,segment_stuck,0.2,2400,random_synthetic_injection,-0.9706606833646318,48.0,,privsaf_mixture,0.2,0.058787878787878785,0.14121212121212123,0,0,1.0,0.15791447241260934,0.1406862050246256,,,
household_power,UCI Household Power,Global_active_power hourly sample,4.0,0,segment_stuck,0.2,2400,random_synthetic_injection,-0.9706606833646318,48.0,,privsaf_hmm,0.2,0.20503532654568252,0.005035326545682506,0,0,1.0,0.009005830503636278,0.00841223306445971,,,
household_power,UCI Household Power,Global_active_power hourly sample,4.0,1,segment_stuck,0.2,2400,random_synthetic_injection,-0.9706606833646318,48.0,,privsaf_mixture,0.2,0.1006060606060606,0.09939393939393941,0,0,1.0,0.1409012077837067,0.10035485213360285,,,
household_power,UCI Household Power,Global_active_power hourly sample,4.0,1,segment_stuck,0.2,2400,random_synthetic_injection,-0.9706606833646318,48.0,,privsaf_hmm,0.2,0.20608760199371423,0.00608760199371422,0,0,1.0,0.010082769340477858,0.011620348204255183,,,
household_power,UCI Household Power,Global_active_power hourly sample,4.0,2,segment_stuck,0.2,2400,random_synthetic_injection,-0.9706606833646318,48.0,,privsaf_mixture,0.2,0.058787878787878785,0.14121212121212123,0,0,1.0,0.157013904438033,0.1401571662771208,,,
household_power,UCI Household Power,Global_active_power hourly sample,4.0,2,segment_stuck,0.2,2400,random_synthetic_injection,-0.9706606833646318,48.0,,privsaf_hmm,0.2,0.20015477728690365,0.00015477728690363457,0,0,1.0,0.008016430935513016,0.012451031684225533,,,
household_power,UCI Household Power,Global_active_power hourly sample,4.0,0,segment_stuck,0.2,2400,random_synthetic_injection,0.3726963067743015,48.0,,privsaf_mixture,0.2,0.19121212121212122,0.008787878787878789,21,21,1.0,0.05233970804258466,0.014197000097916888,,,
household_power,UCI Household Power,Global_active_power hourly sample,4.0,0,segment_stuck,0.2,2400,random_synthetic_injection,0.3726963067743015,48.0,,privsaf_hmm,0.2,0.20498807402944125,0.004988074029441236,21,21,1.0,0.005195575277436852,0.004992879561425512,,,
household_power,UCI Household Power,Global_active_power hourly sample,4.0,1,segment_stuck,0.2,2400,random_synthetic_injection,0.3726963067743015,48.0,,privsaf_mixture,0.2,0.18424242424242424,0.015757575757575776,21,21,1.0,0.05195501717017218,0.022582593870819324,,,
household_power,UCI Household Power,Global_active_power hourly sample,4.0,1,segment_stuck,0.2,2400,random_synthetic_injection,0.3726963067743015,48.0,,privsaf_hmm,0.2,0.2006210205568802,0.0006210205568801808,21,21,1.0,0.001612416920332788,0.0014906041353472007,,,
household_power,UCI Household Power,Global_active_power hourly sample,4.0,2,segment_stuck,0.2,2400,random_synthetic_injection,0.3726963067743015,48.0,,privsaf_mixture,0.2,0.19121212121212122,0.008787878787878789,21,21,1.0,0.051531185311956704,0.01918834863684904,,,
household_power,UCI Household Power,Global_active_power hourly sample,4.0,2,segment_stuck,0.2,2400,random_synthetic_injection,0.3726963067743015,48.0,,privsaf_hmm,0.2,0.1986747040351278,0.001325295964872214,21,21,1.0,0.0026301681468146915,0.0013817149163745236,,,
household_power,UCI Household Power,Global_active_power hourly sample,4.0,0,template_stuck,0.2,2400,template_based_semireal_injection,0.13007178336544478,48.0,,privsaf_mixture,0.2,0.19121212121212122,0.008787878787878789,18,18,1.0,0.05843967552933918,0.01630676371375048,,,
household_power,UCI Household Power,Global_active_power hourly sample,4.0,0,template_stuck,0.2,2400,template_based_semireal_injection,0.13007178336544478,48.0,,privsaf_hmm,0.2,0.20401580870931946,0.004015808709319446,18,18,1.0,0.006017049374922098,0.006431245930688537,,,
household_power,UCI Household Power,Global_active_power hourly sample,4.0,1,template_stuck,0.2,2400,template_based_semireal_injection,0.13007178336544478,48.0,,privsaf_mixture,0.2,0.18424242424242424,0.015757575757575776,18,18,1.0,0.058543442565207965,0.02493325906100156,,,
household_power,UCI Household Power,Global_active_power hourly sample,4.0,1,template_stuck,0.2,2400,template_based_semireal_injection,0.13007178336544478,48.0,,privsaf_hmm,0.2,0.19972656361868035,0.0002734363813196583,18,18,1.0,0.0017177099818150028,0.002463569670075544,,,
household_power,UCI Household Power,Global_active_power hourly sample,4.0,2,template_stuck,0.2,2400,template_based_semireal_injection,0.13007178336544478,48.0,,privsaf_mixture,0.2,0.19818181818181818,0.0018181818181818299,18,18,1.0,0.057081837665821346,0.013113363930851581,,,
household_power,UCI Household Power,Global_active_power hourly sample,4.0,2,template_stuck,0.2,2400,template_based_semireal_injection,0.13007178336544478,48.0,,privsaf_hmm,0.2,0.20095995385673193,0.000959953856731921,18,18,1.0,0.0024398725455996545,0.0027242216266931433,,,
household_power,UCI Household Power,Global_active_power hourly sample,4.0,0,bias,0.2,2400,random_synthetic_injection,,48.0,0.35,privsaf_mixture,0.2,0.16333333333333333,0.03666666666666668,,8,,0.17006192800295783,0.1388595579054796,,,
household_power,UCI Household Power,Global_active_power hourly sample,4.0,0,bias,0.2,2400,random_synthetic_injection,,48.0,0.35,privsaf_hmm,0.2,0.13060975206062916,0.06939024793937085,,7,,0.11836798385860438,0.10582014860760988,,,
household_power,UCI Household Power,Global_active_power hourly sample,4.0,1,bias,0.2,2400,random_synthetic_injection,,48.0,0.35,privsaf_mixture,0.2,0.13545454545454547,0.06454545454545454,,8,,0.17805270683756283,0.14516201208218346,,,
household_power,UCI Household Power,Global_active_power hourly sample,4.0,1,bias,0.2,2400,random_synthetic_injection,,48.0,0.35,privsaf_hmm,0.2,0.047536865049663785,0.15246313495033623,,15,,0.1467850612678835,0.15246313495033623,,,
household_power,UCI Household Power,Global_active_power hourly sample,4.0,2,bias,0.2,2400,random_synthetic_injection,,48.0,0.35,privsaf_mixture,0.2,0.17030303030303032,0.029696969696969694,,8,,0.17259078762527405,0.13923875700837293,,,
household_power,UCI Household Power,Global_active_power hourly sample,4.0,2,bias,0.2,2400,random_synthetic_injection,,48.0,0.35,privsaf_hmm,0.2,0.09518281930999736,0.10481718069000265,,7,,0.10433837517004038,0.10481718069000263,,,
bike_sharing,UCI Bike Sharing,cnt,2.0,0,iid_stuck,0.2,2400,random_synthetic_injection,-0.9891891891891892,,,privsaf_mixture,0.2,0.15636363636363637,0.04363636363636364,0,31,0.0,0.21572529281420658,0.21758937731880232,,,
bike_sharing,UCI Bike Sharing,cnt,2.0,0,iid_stuck,0.2,2400,random_synthetic_injection,-0.9891891891891892,,,privsaf_hmm,0.2,0.06471597536760836,0.13528402463239164,0,25,0.0,0.22107035642391576,0.21707337368007887,,,
bike_sharing,UCI Bike Sharing,cnt,2.0,1,iid_stuck,0.2,2400,random_synthetic_injection,-0.9891891891891892,,,privsaf_mixture,0.2,0.19121212121212122,0.008787878787878789,0,31,0.0,0.22920471621758878,0.2301441793479419,,,
bike_sharing,UCI Bike Sharing,cnt,2.0,1,iid_stuck,0.2,2400,random_synthetic_injection,-0.9891891891891892,,,privsaf_hmm,0.2,0.06607932161452836,0.13392067838547167,0,31,0.0,0.2220356272757579,0.215991321358343,,,
bike_sharing,UCI Bike Sharing,cnt,2.0,2,iid_stuck,0.2,2400,random_synthetic_injection,-0.9891891891891892,,,privsaf_mixture,0.2,0.18424242424242424,0.015757575757575776,0,28,0.0,0.2236209862881598,0.22647984488203138,,,
bike_sharing,UCI Bike Sharing,cnt,2.0,2,iid_stuck,0.2,2400,random_synthetic_injection,-0.9891891891891892,,,privsaf_hmm,0.2,0.05519598233065466,0.14480401766934536,0,31,0.0,0.2183697020507222,0.21364771289943668,,,
bike_sharing,UCI Bike Sharing,cnt,2.0,0,iid_stuck,0.2,2400,random_synthetic_injection,0.5171171171171172,,,privsaf_mixture,0.2,0.35848484848484846,0.15848484848484845,24,24,1.0,0.170545553904449,0.1574682470281189,,,
bike_sharing,UCI Bike Sharing,cnt,2.0,0,iid_stuck,0.2,2400,random_synthetic_injection,0.5171171171171172,,,privsaf_hmm,0.2,0.2415980766862658,0.04159807668626578,24,25,0.0,0.22910626958834593,0.21142211838401534,,,
bike_sharing,UCI Bike Sharing,cnt,2.0,1,iid_stuck,0.2,2400,random_synthetic_injection,0.5171171171171172,,,privsaf_mixture,0.2,0.3933333333333333,0.1933333333333333,24,24,1.0,0.19131901630763465,0.19095602387001426,,,
bike_sharing,UCI Bike Sharing,cnt,2.0,1,iid_stuck,0.2,2400,random_synthetic_injection,0.5171171171171172,,,privsaf_hmm,0.2,0.3127807937796206,0.11278079377962058,24,24,1.0,0.2571070489739063,0.2473289041566972,,,
bike_sharing,UCI Bike Sharing,cnt,2.0,2,iid_stuck,0.2,2400,random_synthetic_injection,0.5171171171171172,,,privsaf_mixture,0.2,0.3933333333333333,0.1933333333333333,24,24,1.0,0.19535637507675985,0.19398823537506185,,,
bike_sharing,UCI Bike Sharing,cnt,2.0,2,iid_stuck,0.2,2400,random_synthetic_injection,0.5171171171171172,,,privsaf_hmm,0.2,0.26489193581109516,0.06489193581109515,24,25,0.0,0.24396369134486998,0.22256505303505963,,,
bike_sharing,UCI Bike Sharing,cnt,2.0,0,segment_stuck,0.2,2400,random_synthetic_injection,-0.9891891891891892,48.0,,privsaf_mixture,0.2,0.17727272727272728,0.022727272727272735,0,31,0.0,0.22522444414684814,0.2283366481711473,,,
bike_sharing,UCI Bike Sharing,cnt,2.0,0,segment_stuck,0.2,2400,random_synthetic_injection,-0.9891891891891892,48.0,,privsaf_hmm,0.2,0.18086118796206094,0.019138812037939074,0,0,1.0,0.03337972946566445,0.027538802998658858,,,
bike_sharing,UCI Bike Sharing,cnt,2.0,1,segment_stuck,0.2,2400,random_synthetic_injection,-0.9891891891891892,48.0,,privsaf_mixture,0.2,0.17030303030303032,0.029696969696969694,0,31,0.0,0.2223284697800004,0.22565838618624762,,,
bike_sharing,UCI Bike Sharing,cnt,2.0,1,segment_stuck,0.2,2400,random_synthetic_injection,-0.9891891891891892,48.0,,privsaf_hmm,0.2,0.17723555319807097,0.022764446801929045,0,0,1.0,0.03835797585146383,0.022925991205353442,,,
bike_sharing,UCI Bike Sharing,cnt,2.0,2,segment_stuck,0.2,2400,random_synthetic_injection,-0.9891891891891892,48.0,,privsaf_mixture,0.2,0.18424242424242424,0.015757575757575776,0,31,0.0,0.22916009129025483,0.23242174357981443,,,
bike_sharing,UCI Bike Sharing,cnt,2.0,2,segment_stuck,0.2,2400,random_synthetic_injection,-0.9891891891891892,48.0,,privsaf_hmm,0.2,0.19296720327413466,0.007032796725865348,0,0,1.0,0.016544395617996883,0.01508046730704163,,,
bike_sharing,UCI Bike Sharing,cnt,2.0,0,segment_stuck,0.2,2400,random_synthetic_injection,0.5171171171171172,48.0,,privsaf_mixture,0.2,0.3793939393939394,0.17939393939393938,24,24,1.0,0.17929731514514918,0.17954334465666114,,,
bike_sharing,UCI Bike Sharing,cnt,2.0,0,segment_stuck,0.2,2400,random_synthetic_injection,0.5171171171171172,48.0,,privsaf_hmm,0.2,0.29341745571451666,0.09341745571451665,24,24,1.0,0.058884250752034316,0.09341745571451669,,,
bike_sharing,UCI Bike Sharing,cnt,2.0,1,segment_stuck,0.2,2400,random_synthetic_injection,0.5171171171171172,48.0,,privsaf_mixture,0.2,0.37242424242424244,0.17242424242424242,24,24,1.0,0.1812714171790814,0.17046811209642468,,,
bike_sharing,UCI Bike Sharing,cnt,2.0,1,segment_stuck,0.2,2400,random_synthetic_injection,0.5171171171171172,48.0,,privsaf_hmm,0.2,0.2976723462747948,0.09767234627479476,24,24,1.0,0.06410593961131385,0.09767234627479474,,,
bike_sharing,UCI Bike Sharing,cnt,2.0,2,segment_stuck,0.2,2400,random_synthetic_injection,0.5171171171171172,48.0,,privsaf_mixture,0.2,0.38636363636363635,0.18636363636363634,24,25,0.0,0.18727791917578643,0.18514682549338218,,,
bike_sharing,UCI Bike Sharing,cnt,2.0,2,segment_stuck,0.2,2400,random_synthetic_injection,0.5171171171171172,48.0,,privsaf_hmm,0.2,0.28179936243420073,0.08179936243420072,24,24,1.0,0.04722563014776925,0.08179936243420072,,,
bike_sharing,UCI Bike Sharing,cnt,2.0,0,template_stuck,0.2,2400,template_based_semireal_injection,1.0,8.0,,privsaf_mixture,0.2,0.40030303030303027,0.20030303030303026,31,31,1.0,0.19366089026758676,0.1973208172222414,native_flatline,0.0,1.2986486486486486
bike_sharing,UCI Bike Sharing,cnt,2.0,0,template_stuck,0.2,2400,template_based_semireal_injection,1.0,8.0,,privsaf_hmm,0.2,0.3595353025904062,0.1595353025904062,31,31,1.0,0.16016971805847094,0.15953530259040619,native_flatline,0.0,1.2986486486486486
bike_sharing,UCI Bike Sharing,cnt,2.0,1,template_stuck,0.2,2400,template_based_semireal_injection,1.0,8.0,,privsaf_mixture,0.2,0.37242424242424244,0.17242424242424242,31,31,1.0,0.17096478484106087,0.1695819628649868,native_flatline,0.0,1.3207207207207208
bike_sharing,UCI Bike Sharing,cnt,2.0,1,template_stuck,0.2,2400,template_based_semireal_injection,1.0,8.0,,privsaf_hmm,0.2,0.3091945694268715,0.1091945694268715,31,31,1.0,0.14462901444970055,0.1322016072363839,native_flatline,0.0,1.3207207207207208
bike_sharing,UCI Bike Sharing,cnt,2.0,2,template_stuck,0.2,2400,template_based_semireal_injection,1.0,8.0,,privsaf_mixture,0.2,0.3654545454545455,0.16545454545454547,31,31,1.0,0.1759857394943128,0.16194374231279193,native_flatline,0.0,1.2986486486486486
bike_sharing,UCI Bike Sharing,cnt,2.0,2,template_stuck,0.2,2400,template_based_semireal_injection,1.0,8.0,,privsaf_hmm,0.2,0.28086452449396065,0.08086452449396064,31,31,1.0,0.1319980862239478,0.10324833320078233,native_flatline,0.0,1.2986486486486486
bike_sharing,UCI Bike Sharing,cnt,2.0,0,bias,0.2,2400,random_synthetic_injection,,48.0,0.35,privsaf_mixture,0.2,0.2678787878787879,0.06787878787878787,,31,,0.2099619976094097,0.1652956439732707,,,
bike_sharing,UCI Bike Sharing,cnt,2.0,0,bias,0.2,2400,random_synthetic_injection,,48.0,0.35,privsaf_hmm,0.2,0.15235456131803315,0.047645438681966856,,31,,0.18416509429302938,0.1497159988953478,,,
bike_sharing,UCI Bike Sharing,cnt,2.0,1,bias,0.2,2400,random_synthetic_injection,,48.0,0.35,privsaf_mixture,0.2,0.2539393939393939,0.0539393939393939,,31,,0.20732546786833575,0.165886806069512,,,
bike_sharing,UCI Bike Sharing,cnt,2.0,1,bias,0.2,2400,random_synthetic_injection,,48.0,0.35,privsaf_hmm,0.2,0.14965122437360512,0.05034877562639489,,31,,0.19680485475854795,0.1787798205176628,,,
bike_sharing,UCI Bike Sharing,cnt,2.0,2,bias,0.2,2400,random_synthetic_injection,,48.0,0.35,privsaf_mixture,0.2,0.27484848484848484,0.07484848484848483,,31,,0.21234421451818486,0.1647140332210033,,,
bike_sharing,UCI Bike Sharing,cnt,2.0,2,bias,0.2,2400,random_synthetic_injection,,48.0,0.35,privsaf_hmm,0.2,0.15437047744990162,0.04562952255009839,,30,,0.1710345539006926,0.15274756287257854,,,
bike_sharing,UCI Bike Sharing,cnt,4.0,0,iid_stuck,0.2,2400,random_synthetic_injection,-0.9891891891891892,,,privsaf_mixture,0.2,0.13545454545454547,0.06454545454545454,0,31,0.0,0.27706562852928796,0.2868066555137322,,,
bike_sharing,UCI Bike Sharing,cnt,4.0,0,iid_stuck,0.2,2400,random_synthetic_injection,-0.9891891891891892,,,privsaf_hmm,0.2,0.0759346495851743,0.1240653504148257,0,31,0.0,0.24525746286396838,0.24608297527160283,,,
bike_sharing,UCI Bike Sharing,cnt,4.0,1,iid_stuck,0.2,2400,random_synthetic_injection,-0.9891891891891892,,,privsaf_mixture,0.2,0.13545454545454547,0.06454545454545454,0,31,0.0,0.28022240199799636,0.29186009079253583,,,
bike_sharing,UCI Bike Sharing,cnt,4.0,1,iid_stuck,0.2,2400,random_synthetic_injection,-0.9891891891891892,,,privsaf_hmm,0.2,0.07978977126764718,0.12021022873235283,0,31,0.0,0.2554193924512496,0.2590126928492242,,,
bike_sharing,UCI Bike Sharing,cnt,4.0,2,iid_stuck,0.2,2400,random_synthetic_injection,-0.9891891891891892,,,privsaf_mixture,0.2,0.14242424242424243,0.057575757575757586,0,31,0.0,0.28111686382979073,0.28947226718286173,,,
bike_sharing,UCI Bike Sharing,cnt,4.0,2,iid_stuck,0.2,2400,random_synthetic_injection,-0.9891891891891892,,,privsaf_hmm,0.2,0.07499090929586416,0.12500909070413585,0,31,0.0,0.2505229821361611,0.2526281315037713,,,
bike_sharing,UCI Bike Sharing,cnt,4.0,0,iid_stuck,0.2,2400,random_synthetic_injection,0.5171171171171172,,,privsaf_mixture,0.2,0.2609090909090909,0.06090909090909091,24,24,1.0,0.0829766835142678,0.053779517498516186,,,
bike_sharing,UCI Bike Sharing,cnt,4.0,0,iid_stuck,0.2,2400,random_synthetic_injection,0.5171171171171172,,,privsaf_hmm,0.2,0.08606436759328927,0.11393563240671074,24,31,0.0,0.24578407865613774,0.2414736246082331,,,
bike_sharing,UCI Bike Sharing,cnt,4.0,1,iid_stuck,0.2,2400,random_synthetic_injection,0.5171171171171172,,,privsaf_mixture,0.2,0.2818181818181818,0.08181818181818179,24,24,1.0,0.08626800883012072,0.07549883361202589,,,
bike_sharing,UCI Bike Sharing,cnt,4.0,1,iid_stuck,0.2,2400,random_synthetic_injection,0.5171171171171172,,,privsaf_hmm,0.2,0.09451707716279915,0.10548292283720086,24,31,0.0,0.2541575322152403,0.25260058500920957,,,
bike_sharing,UCI Bike Sharing,cnt,4.0,2,iid_stuck,0.2,2400,random_synthetic_injection,0.5171171171171172,,,privsaf_mixture,0.2,0.27484848484848484,0.07484848484848483,24,24,1.0,0.08298410302620741,0.06777543075991146,,,
bike_sharing,UCI Bike Sharing,cnt,4.0,2,iid_stuck,0.2,2400,random_synthetic_injection,0.5171171171171172,,,privsaf_hmm,0.2,0.08324233039160511,0.1167576696083949,24,31,0.0,0.24818984560169202,0.24726386037741227,,,
bike_sharing,UCI Bike Sharing,cnt,4.0,0,segment_stuck,0.2,2400,random_synthetic_injection,-0.9891891891891892,48.0,,privsaf_mixture,0.2,0.13545454545454547,0.06454545454545454,0,31,0.0,0.2762349656637876,0.2853111823817448,,,
bike_sharing,UCI Bike Sharing,cnt,4.0,0,segment_stuck,0.2,2400,random_synthetic_injection,-0.9891891891891892,48.0,,privsaf_hmm,0.2,0.20973780961498736,0.009737809614987353,0,0,1.0,0.00835118151223813,0.012560502149321673,,,
bike_sharing,UCI Bike Sharing,cnt,4.0,1,segment_stuck,0.2,2400,random_synthetic_injection,-0.9891891891891892,48.0,,privsaf_mixture,0.2,0.13545454545454547,0.06454545454545454,0,31,0.0,0.2769549898654851,0.286302887342137,,,
bike_sharing,UCI Bike Sharing,cnt,4.0,1,segment_stuck,0.2,2400,random_synthetic_injection,-0.9891891891891892,48.0,,privsaf_hmm,0.2,0.21320928848638696,0.013209288486386944,0,0,1.0,0.010951556768379138,0.01665438866507453,,,
bike_sharing,UCI Bike Sharing,cnt,4.0,2,segment_stuck,0.2,2400,random_synthetic_injection,-0.9891891891891892,48.0,,privsaf_mixture,0.2,0.13545454545454547,0.06454545454545454,0,31,0.0,0.2769600486080149,0.28721722467490374,,,
bike_sharing,UCI Bike Sharing,cnt,4.0,2,segment_stuck,0.2,2400,random_synthetic_injection,-0.9891891891891892,48.0,,privsaf_hmm,0.2,0.2140799598633428,0.01407995986334279,0,0,1.0,0.009410031066409606,0.014079959863342806,,,
bike_sharing,UCI Bike Sharing,cnt,4.0,0,segment_stuck,0.2,2400,random_synthetic_injection,0.5171171171171172,48.0,,privsaf_mixture,0.2,0.27484848484848484,0.07484848484848483,24,24,1.0,0.08586229025079871,0.0674178451967217,,,
bike_sharing,UCI Bike Sharing,cnt,4.0,0,segment_stuck,0.2,2400,random_synthetic_injection,0.5171171171171172,48.0,,privsaf_hmm,0.2,0.22045759998249262,0.020457599982492608,24,24,1.0,0.01584222367492509,0.020457599982492587,,,
bike_sharing,UCI Bike Sharing,cnt,4.0,1,segment_stuck,0.2,2400,random_synthetic_injection,0.5171171171171172,48.0,,privsaf_mixture,0.2,0.27484848484848484,0.07484848484848483,24,24,1.0,0.08824893481431667,0.0635749654704249,,,
bike_sharing,UCI Bike Sharing,cnt,4.0,1,segment_stuck,0.2,2400,random_synthetic_injection,0.5171171171171172,48.0,,privsaf_hmm,0.2,0.2201574907363718,0.020157490736371797,24,24,1.0,0.013165064759190753,0.020157490736371877,,,
bike_sharing,UCI Bike Sharing,cnt,4.0,2,segment_stuck,0.2,2400,random_synthetic_injection,0.5171171171171172,48.0,,privsaf_mixture,0.2,0.2678787878787879,0.06787878787878787,24,24,1.0,0.07857083918924986,0.060220211142283084,,,
bike_sharing,UCI Bike Sharing,cnt,4.0,2,segment_stuck,0.2,2400,random_synthetic_injection,0.5171171171171172,48.0,,privsaf_hmm,0.2,0.21181574588012245,0.011815745880122436,24,24,1.0,0.007921260531665216,0.011815745880122443,,,
bike_sharing,UCI Bike Sharing,cnt,4.0,0,template_stuck,0.2,2400,template_based_semireal_injection,1.0,8.0,,privsaf_mixture,0.2,0.35848484848484846,0.15848484848484845,31,31,1.0,0.15002417146206506,0.1543999012159384,native_flatline,0.0,1.2986486486486486
bike_sharing,UCI Bike Sharing,cnt,4.0,0,template_stuck,0.2,2400,template_based_semireal_injection,1.0,8.0,,privsaf_hmm,0.2,0.329119572699193,0.129119572699193,31,31,1.0,0.11461926968117497,0.12911957269919302,native_flatline,0.0,1.2986486486486486
bike_sharing,UCI Bike Sharing,cnt,4.0,1,template_stuck,0.2,2400,template_based_semireal_injection,1.0,8.0,,privsaf_mixture,0.2,0.3515151515151515,0.1515151515151515,31,31,1.0,0.14021926516139013,0.14735157985466363,native_flatline,0.0,1.3207207207207208
bike_sharing,UCI Bike Sharing,cnt,4.0,1,template_stuck,0.2,2400,template_based_semireal_injection,1.0,8.0,,privsaf_hmm,0.2,0.3223020032351741,0.1223020032351741,31,31,1.0,0.10536689582613525,0.12230200323517418,native_flatline,0.0,1.3207207207207208
bike_sharing,UCI Bike Sharing,cnt,4.0,2,template_stuck,0.2,2400,template_based_semireal_injection,1.0,8.0,,privsaf_mixture,0.2,0.3375757575757576,0.13757575757575757,31,31,1.0,0.14307746343782538,0.13134144368760264,native_flatline,0.0,1.2986486486486486
bike_sharing,UCI Bike Sharing,cnt,4.0,2,template_stuck,0.2,2400,template_based_semireal_injection,1.0,8.0,,privsaf_hmm,0.2,0.31673123322824853,0.11673123322824852,31,31,1.0,0.10663094410765735,0.11673123322824856,native_flatline,0.0,1.2986486486486486
bike_sharing,UCI Bike Sharing,cnt,4.0,0,bias,0.2,2400,random_synthetic_injection,,48.0,0.35,privsaf_mixture,0.2,0.2190909090909091,0.019090909090909075,,31,,0.24010340314652828,0.22643789667814923,,,
bike_sharing,UCI Bike Sharing,cnt,4.0,0,bias,0.2,2400,random_synthetic_injection,,48.0,0.35,privsaf_hmm,0.2,0.14697780740960092,0.053022192590399086,,31,,0.22094900169865123,0.21260700665545954,,,
bike_sharing,UCI Bike Sharing,cnt,4.0,1,bias,0.2,2400,random_synthetic_injection,,48.0,0.35,privsaf_mixture,0.2,0.2190909090909091,0.019090909090909075,,31,,0.23631900251336163,0.22137034041649684,,,
bike_sharing,UCI Bike Sharing,cnt,4.0,1,bias,0.2,2400,random_synthetic_injection,,48.0,0.35,privsaf_hmm,0.2,0.1525149003134425,0.04748509968655751,,31,,0.20170445822318442,0.19127912295494132,,,
bike_sharing,UCI Bike Sharing,cnt,4.0,2,bias,0.2,2400,random_synthetic_injection,,48.0,0.35,privsaf_mixture,0.2,0.21212121212121213,0.012121212121212116,,31,,0.24022252734951072,0.22927157847386473,,,
bike_sharing,UCI Bike Sharing,cnt,4.0,2,bias,0.2,2400,random_synthetic_injection,,48.0,0.35,privsaf_hmm,0.2,0.14405206903903608,0.055947930960963926,,31,,0.2107284265735422,0.20053968932381033,,,
beijing_air,UCI Beijing Multi-Site Air,Aotizhongxin PM2.5,2.0,0,iid_stuck,0.2,2400,random_synthetic_injection,-0.9705014749262537,,,privsaf_mixture,0.2,0.27484848484848484,0.07484848484848483,0,1,0.0,0.16088059565951157,0.07615911814931352,,,
beijing_air,UCI Beijing Multi-Site Air,Aotizhongxin PM2.5,2.0,0,iid_stuck,0.2,2400,random_synthetic_injection,-0.9705014749262537,,,privsaf_hmm,0.2,0.2931614144181446,0.09316141441814457,0,1,0.0,0.2991902703306309,0.2921671019989054,,,
beijing_air,UCI Beijing Multi-Site Air,Aotizhongxin PM2.5,2.0,1,iid_stuck,0.2,2400,random_synthetic_injection,-0.9705014749262537,,,privsaf_mixture,0.2,0.24696969696969698,0.04696969696969697,0,0,1.0,0.1526275271945677,0.0507154874492751,,,
beijing_air,UCI Beijing Multi-Site Air,Aotizhongxin PM2.5,2.0,1,iid_stuck,0.2,2400,random_synthetic_injection,-0.9705014749262537,,,privsaf_hmm,0.2,0.24840467015604484,0.04840467015604483,0,0,1.0,0.28789446196811674,0.28031119457517206,,,
beijing_air,UCI Beijing Multi-Site Air,Aotizhongxin PM2.5,2.0,2,iid_stuck,0.2,2400,random_synthetic_injection,-0.9705014749262537,,,privsaf_mixture,0.2,0.2887878787878788,0.0887878787878788,0,1,0.0,0.16328636775771901,0.09017970237694553,,,
beijing_air,UCI Beijing Multi-Site Air,Aotizhongxin PM2.5,2.0,2,iid_stuck,0.2,2400,random_synthetic_injection,-0.9705014749262537,,,privsaf_hmm,0.2,0.2998830760361984,0.09988307603619839,0,1,0.0,0.3107548993443983,0.30270807960318763,,,
beijing_air,UCI Beijing Multi-Site Air,Aotizhongxin PM2.5,2.0,0,iid_stuck,0.2,2400,random_synthetic_injection,0.39233038348082605,,,privsaf_mixture,0.2,0.09363636363636363,0.10636363636363638,22,22,1.0,0.12868976654906653,0.10350262106825764,,,
beijing_air,UCI Beijing Multi-Site Air,Aotizhongxin PM2.5,2.0,0,iid_stuck,0.2,2400,random_synthetic_injection,0.39233038348082605,,,privsaf_hmm,0.2,0.13852084903021453,0.061479150969785484,22,1,0.0,0.23283424232431718,0.22295177450108375,,,
beijing_air,UCI Beijing Multi-Site Air,Aotizhongxin PM2.5,2.0,1,iid_stuck,0.2,2400,random_synthetic_injection,0.39233038348082605,,,privsaf_mixture,0.2,0.1006060606060606,0.09939393939393941,22,23,0.0,0.12925140077937347,0.09790364951026953,,,
beijing_air,UCI Beijing Multi-Site Air,Aotizhongxin PM2.5,2.0,1,iid_stuck,0.2,2400,random_synthetic_injection,0.39233038348082605,,,privsaf_hmm,0.2,0.11092371160300135,0.08907628839699866,22,0,0.0,0.2464010236573989,0.24687710193238985,,,
beijing_air,UCI Beijing Multi-Site Air,Aotizhongxin PM2.5,2.0,2,iid_stuck,0.2,2400,random_synthetic_injection,0.39233038348082605,,,privsaf_mixture,0.2,0.11454545454545453,0.08545454545454548,22,22,1.0,0.1235914181348521,0.08314238549808513,,,
beijing_air,UCI Beijing Multi-Site Air,Aotizhongxin PM2.5,2.0,2,iid_stuck,0.2,2400,random_synthetic_injection,0.39233038348082605,,,privsaf_hmm,0.2,0.10835247304820793,0.09164752695179208,22,1,0.0,0.2294862197746708,0.22144485856341636,,,
beijing_air,UCI Beijing Multi-Site Air,Aotizhongxin PM2.5,2.0,0,segment_stuck,0.2,2400,random_synthetic_injection,-0.9705014749262537,48.0,,privsaf_mixture,0.2,0.34454545454545454,0.14454545454545453,0,2,0.0,0.1842619593992238,0.14609632062856165,,,
beijing_air,UCI Beijing Multi-Site Air,Aotizhongxin PM2.5,2.0,0,segment_stuck,0.2,2400,random_synthetic_injection,-0.9705014749262537,48.0,,privsaf_hmm,0.2,0.3552513100623713,0.1552513100623713,0,0,1.0,0.13840325295023115,0.15525131006237136,,,
beijing_air,UCI Beijing Multi-Site Air,Aotizhongxin PM2.5,2.0,1,segment_stuck,0.2,2400,random_synthetic_injection,-0.9705014749262537,48.0,,privsaf_mixture,0.2,0.2957575757575758,0.09575757575757576,0,1,0.0,0.16506942713418987,0.09867552987129823,,,
beijing_air,UCI Beijing Multi-Site Air,Aotizhongxin PM2.5,2.0,1,segment_stuck,0.2,2400,random_synthetic_injection,-0.9705014749262537,48.0,,privsaf_hmm,0.2,0.32963972155937865,0.12963972155937864,0,0,1.0,0.1469916876225588,0.1468727491516196,,,
beijing_air,UCI Beijing Multi-Site Air,Aotizhongxin PM2.5,2.0,2,segment_stuck,0.2,2400,random_synthetic_injection,-0.9705014749262537,48.0,,privsaf_mixture,0.2,0.2609090909090909,0.06090909090909091,0,1,0.0,0.15564660991890208,0.07461383371248805,,,
beijing_air,UCI Beijing Multi-Site Air,Aotizhongxin PM2.5,2.0,2,segment_stuck,0.2,2400,random_synthetic_injection,-0.9705014749262537,48.0,,privsaf_hmm,0.2,0.3613991361070264,0.1613991361070264,0,0,1.0,0.15635518101580131,0.16374074805748653,,,
beijing_air,UCI Beijing Multi-Site Air,Aotizhongxin PM2.5,2.0,0,segment_stuck,0.2,2400,random_synthetic_injection,0.39233038348082605,48.0,,privsaf_mixture,0.2,0.10757575757575756,0.09242424242424245,22,22,1.0,0.12214318527912833,0.09011867942149744,,,
beijing_air,UCI Beijing Multi-Site Air,Aotizhongxin PM2.5,2.0,0,segment_stuck,0.2,2400,random_synthetic_injection,0.39233038348082605,48.0,,privsaf_hmm,0.2,0.20022874720644282,0.00022874720644280866,22,22,1.0,0.0072035178592408195,0.005540304540517145,,,
beijing_air,UCI Beijing Multi-Site Air,Aotizhongxin PM2.5,2.0,1,segment_stuck,0.2,2400,random_synthetic_injection,0.39233038348082605,48.0,,privsaf_mixture,0.2,0.08666666666666666,0.11333333333333336,22,22,1.0,0.13102219560687103,0.11077793116733256,,,
beijing_air,UCI Beijing Multi-Site Air,Aotizhongxin PM2.5,2.0,1,segment_stuck,0.2,2400,random_synthetic_injection,0.39233038348082605,48.0,,privsaf_hmm,0.2,0.20474695062416617,0.004746950624166163,22,22,1.0,0.007711878667203559,0.0069038994225718705,,,
beijing_air,UCI Beijing Multi-Site Air,Aotizhongxin PM2.5,2.0,2,segment_stuck,0.2,2400,random_synthetic_injection,0.39233038348082605,48.0,,privsaf_mixture,0.2,0.11454545454545453,0.08545454545454548,22,22,1.0,0.12009542308140041,0.08330802651758767,,,
beijing_air,UCI Beijing Multi-Site Air,Aotizhongxin PM2.5,2.0,2,segment_stuck,0.2,2400,random_synthetic_injection,0.39233038348082605,48.0,,privsaf_hmm,0.2,0.19962717201049737,0.00037282798950263873,22,22,1.0,0.01043237489311878,0.0067081509257748695,,,
beijing_air,UCI Beijing Multi-Site Air,Aotizhongxin PM2.5,2.0,0,template_stuck,0.2,2400,template_based_semireal_injection,-0.9992625368731564,8.0,,privsaf_mixture,0.2,0.30272727272727273,0.10272727272727272,0,2,0.0,0.1725968857468229,0.1040427824513778,native_flatline,0.005899705014749235,0.05530973451327437
beijing_air,UCI Beijing Multi-Site Air,Aotizhongxin PM2.5,2.0,0,template_stuck,0.2,2400,template_based_semireal_injection,-0.9992625368731564,8.0,,privsaf_hmm,0.2,0.3151230165729352,0.11512301657293517,0,1,0.0,0.28363496947027717,0.2664605039203958,native_flatline,0.005899705014749235,0.05530973451327437
beijing_air,UCI Beijing Multi-Site Air,Aotizhongxin PM2.5,2.0,1,template_stuck,0.2,2400,template_based_semireal_injection,1.0,9.0,,privsaf_mixture,0.2,0.15636363636363637,0.04363636363636364,31,31,1.0,0.1038465656874207,0.03760754063618014,native_flatline,0.0,0.5132743362831859
beijing_air,UCI Beijing Multi-Site Air,Aotizhongxin PM2.5,2.0,1,template_stuck,0.2,2400,template_based_semireal_injection,1.0,9.0,,privsaf_hmm,0.2,0.16978507947048,0.030214920529520017,31,31,1.0,0.06154673030472118,0.04710437093149156,native_flatline,0.0,0.5132743362831859
beijing_air,UCI Beijing Multi-Site Air,Aotizhongxin PM2.5,2.0,2,template_stuck,0.2,2400,template_based_semireal_injection,-0.9992625368731564,8.0,,privsaf_mixture,0.2,0.2887878787878788,0.0887878787878788,0,3,0.0,0.17694696436175136,0.11745311516576547,native_flatline,0.005899705014749235,0.05530973451327437
beijing_air,UCI Beijing Multi-Site Air,Aotizhongxin PM2.5,2.0,2,template_stuck,0.2,2400,template_based_semireal_injection,-0.9992625368731564,8.0,,privsaf_hmm,0.2,0.24643279647449223,0.04643279647449222,0,0,1.0,0.24008268600945656,0.23107571167597263,native_flatline,0.005899705014749235,0.05530973451327437
beijing_air,UCI Beijing Multi-Site Air,Aotizhongxin PM2.5,2.0,0,bias,0.2,2400,random_synthetic_injection,,48.0,0.35,privsaf_mixture,0.2,0.2190909090909091,0.019090909090909075,,6,,0.16897417895152073,0.09988693126667614,,,
beijing_air,UCI Beijing Multi-Site Air,Aotizhongxin PM2.5,2.0,0,bias,0.2,2400,random_synthetic_injection,,48.0,0.35,privsaf_hmm,0.2,0.159780348132619,0.04021965186738102,,13,,0.10137364802366197,0.08531926710951819,,,
beijing_air,UCI Beijing Multi-Site Air,Aotizhongxin PM2.5,2.0,1,bias,0.2,2400,random_synthetic_injection,,48.0,0.35,privsaf_mixture,0.2,0.2190909090909091,0.019090909090909075,,7,,0.16496146721686555,0.09171807814126817,,,
beijing_air,UCI Beijing Multi-Site Air,Aotizhongxin PM2.5,2.0,1,bias,0.2,2400,random_synthetic_injection,,48.0,0.35,privsaf_hmm,0.2,0.16669198235355728,0.03330801764644273,,13,,0.12989787069308453,0.11887826573300778,,,
beijing_air,UCI Beijing Multi-Site Air,Aotizhongxin PM2.5,2.0,2,bias,0.2,2400,random_synthetic_injection,,48.0,0.35,privsaf_mixture,0.2,0.2190909090909091,0.019090909090909075,,8,,0.16153918993107907,0.06575859250852523,,,
beijing_air,UCI Beijing Multi-Site Air,Aotizhongxin PM2.5,2.0,2,bias,0.2,2400,random_synthetic_injection,,48.0,0.35,privsaf_hmm,0.2,0.17415228003393798,0.025847719966062027,,1,,0.33232241895151,0.3509314554674292,,,
beijing_air,UCI Beijing Multi-Site Air,Aotizhongxin PM2.5,4.0,0,iid_stuck,0.2,2400,random_synthetic_injection,-0.9705014749262537,,,privsaf_mixture,0.2,0.14242424242424243,0.057575757575757586,0,1,0.0,0.14244335522927482,0.05259901402864284,,,
beijing_air,UCI Beijing Multi-Site Air,Aotizhongxin PM2.5,4.0,0,iid_stuck,0.2,2400,random_synthetic_injection,-0.9705014749262537,,,privsaf_hmm,0.2,0.25179679338416555,0.05179679338416554,0,1,0.0,0.31536030624792927,0.31045499045553154,,,
beijing_air,UCI Beijing Multi-Site Air,Aotizhongxin PM2.5,4.0,1,iid_stuck,0.2,2400,random_synthetic_injection,-0.9705014749262537,,,privsaf_mixture,0.2,0.17727272727272728,0.022727272727272735,0,1,0.0,0.13686471689202173,0.06977481945732424,,,
beijing_air,UCI Beijing Multi-Site Air,Aotizhongxin PM2.5,4.0,1,iid_stuck,0.2,2400,random_synthetic_injection,-0.9705014749262537,,,privsaf_hmm,0.2,0.25977502187476176,0.05977502187476175,0,1,0.0,0.33143925624772624,0.3316437642800183,,,
beijing_air,UCI Beijing Multi-Site Air,Aotizhongxin PM2.5,4.0,2,iid_stuck,0.2,2400,random_synthetic_injection,-0.9705014749262537,,,privsaf_mixture,0.2,0.16333333333333333,0.03666666666666668,0,0,1.0,0.11650351384136624,0.03127797850791674,,,
beijing_air,UCI Beijing Multi-Site Air,Aotizhongxin PM2.5,4.0,2,iid_stuck,0.2,2400,random_synthetic_injection,-0.9705014749262537,,,privsaf_hmm,0.2,0.2279418347207682,0.027941834720768194,0,0,1.0,0.29623721608802317,0.2961687476108634,,,
beijing_air,UCI Beijing Multi-Site Air,Aotizhongxin PM2.5,4.0,0,iid_stuck,0.2,2400,random_synthetic_injection,0.39233038348082605,,,privsaf_mixture,0.2,0.14242424242424243,0.057575757575757586,22,22,1.0,0.051340360083398325,0.04771808724882086,,,
beijing_air,UCI Beijing Multi-Site Air,Aotizhongxin PM2.5,4.0,0,iid_stuck,0.2,2400,random_synthetic_injection,0.39233038348082605,,,privsaf_hmm,0.2,0.11994587455000942,0.08005412544999059,22,8,0.0,0.26663164186692806,0.26653245565862493,,,
beijing_air,UCI Beijing Multi-Site Air,Aotizhongxin PM2.5,4.0,1,iid_stuck,0.2,2400,random_synthetic_injection,0.39233038348082605,,,privsaf_mixture,0.2,0.1493939393939394,0.0506060606060606,22,22,1.0,0.04568398210508183,0.039459536564476067,,,
beijing_air,UCI Beijing Multi-Site Air,Aotizhongxin PM2.5,4.0,1,iid_stuck,0.2,2400,random_synthetic_injection,0.39233038348082605,,,privsaf_hmm,0.2,0.12985651809734505,0.07014348190265496,22,0,0.0,0.2732739382093917,0.2710886851783274,,,
beijing_air,UCI Beijing Multi-Site Air,Aotizhongxin PM2.5,4.0,2,iid_stuck,0.2,2400,random_synthetic_injection,0.39233038348082605,,,privsaf_mixture,0.2,0.14242424242424243,0.057575757575757586,22,22,1.0,0.04691048183462724,0.04739255050733773,,,
beijing_air,UCI Beijing Multi-Site Air,Aotizhongxin PM2.5,4.0,2,iid_stuck,0.2,2400,random_synthetic_injection,0.39233038348082605,,,privsaf_hmm,0.2,0.11873775711314336,0.08126224288685666,22,0,0.0,0.25872827070231313,0.2576760841855542,,,
beijing_air,UCI Beijing Multi-Site Air,Aotizhongxin PM2.5,4.0,0,segment_stuck,0.2,2400,random_synthetic_injection,-0.9705014749262537,48.0,,privsaf_mixture,0.2,0.15636363636363637,0.04363636363636364,0,0,1.0,0.11587132386727182,0.04141440649515631,,,
beijing_air,UCI Beijing Multi-Site Air,Aotizhongxin PM2.5,4.0,0,segment_stuck,0.2,2400,random_synthetic_injection,-0.9705014749262537,48.0,,privsaf_hmm,0.2,0.32847595422993014,0.12847595422993013,0,0,1.0,0.12205653171357443,0.12877092813476662,,,
beijing_air,UCI Beijing Multi-Site Air,Aotizhongxin PM2.5,4.0,1,segment_stuck,0.2,2400,random_synthetic_injection,-0.9705014749262537,48.0,,privsaf_mixture,0.2,0.15636363636363637,0.04363636363636364,0,0,1.0,0.11667958807351576,0.04394796803966347,,,
beijing_air,UCI Beijing Multi-Site Air,Aotizhongxin PM2.5,4.0,1,segment_stuck,0.2,2400,random_synthetic_injection,-0.9705014749262537,48.0,,privsaf_hmm,0.2,0.3316518051053487,0.13165180510534868,0,0,1.0,0.12406260459706829,0.1316518051053487,,,
beijing_air,UCI Beijing Multi-Site Air,Aotizhongxin PM2.5,4.0,2,segment_stuck,0.2,2400,random_synthetic_injection,-0.9705014749262537,48.0,,privsaf_mixture,0.2,0.1215151515151515,0.0784848484848485,0,0,1.0,0.11795961875985393,0.07205740504043681,,,
beijing_air,UCI Beijing Multi-Site Air,Aotizhongxin PM2.5,4.0,2,segment_stuck,0.2,2400,random_synthetic_injection,-0.9705014749262537,48.0,,privsaf_hmm,0.2,0.3284854789051863,0.1284854789051863,0,0,1.0,0.12466147896689113,0.12848547890518636,,,
beijing_air,UCI Beijing Multi-Site Air,Aotizhongxin PM2.5,4.0,0,segment_stuck,0.2,2400,random_synthetic_injection,0.39233038348082605,48.0,,privsaf_mixture,0.2,0.1493939393939394,0.0506060606060606,22,22,1.0,0.05130789749622106,0.03928444391542869,,,
beijing_air,UCI Beijing Multi-Site Air,Aotizhongxin PM2.5,4.0,0,segment_stuck,0.2,2400,random_synthetic_injection,0.39233038348082605,48.0,,privsaf_hmm,0.2,0.2024019833167965,0.002401983316796502,22,22,1.0,0.004484376874328374,0.004861540000570132,,,
beijing_air,UCI Beijing Multi-Site Air,Aotizhongxin PM2.5,4.0,1,segment_stuck,0.2,2400,random_synthetic_injection,0.39233038348082605,48.0,,privsaf_mixture,0.2,0.14242424242424243,0.057575757575757586,22,22,1.0,0.05082604316156804,0.04844853913248216,,,
beijing_air,UCI Beijing Multi-Site Air,Aotizhongxin PM2.5,4.0,1,segment_stuck,0.2,2400,random_synthetic_injection,0.39233038348082605,48.0,,privsaf_hmm,0.2,0.2033164267666953,0.003316426766695302,22,22,1.0,0.004959233769514654,0.004116833908024638,,,
beijing_air,UCI Beijing Multi-Site Air,Aotizhongxin PM2.5,4.0,2,segment_stuck,0.2,2400,random_synthetic_injection,0.39233038348082605,48.0,,privsaf_mixture,0.2,0.15636363636363637,0.04363636363636364,22,22,1.0,0.04548095460583814,0.036726422182253804,,,
beijing_air,UCI Beijing Multi-Site Air,Aotizhongxin PM2.5,4.0,2,segment_stuck,0.2,2400,random_synthetic_injection,0.39233038348082605,48.0,,privsaf_hmm,0.2,0.20039224641278552,0.000392246412785513,22,22,1.0,0.003936779406336907,0.003066087371837199,,,
beijing_air,UCI Beijing Multi-Site Air,Aotizhongxin PM2.5,4.0,0,template_stuck,0.2,2400,template_based_semireal_injection,-0.9992625368731564,8.0,,privsaf_mixture,0.2,0.1493939393939394,0.0506060606060606,0,0,1.0,0.1089221915819576,0.055147156651918924,native_flatline,0.005899705014749235,0.05530973451327437
beijing_air,UCI Beijing Multi-Site Air,Aotizhongxin PM2.5,4.0,0,template_stuck,0.2,2400,template_based_semireal_injection,-0.9992625368731564,8.0,,privsaf_hmm,0.2,0.30560469379147154,0.10560469379147153,0,0,1.0,0.17783482691281952,0.1584013242349287,native_flatline,0.005899705014749235,0.05530973451327437
beijing_air,UCI Beijing Multi-Site Air,Aotizhongxin PM2.5,4.0,1,template_stuck,0.2,2400,template_based_semireal_injection,1.0,9.0,,privsaf_mixture,0.2,0.16333333333333333,0.03666666666666668,31,31,1.0,0.034825069427465404,0.025820986176944106,native_flatline,0.0,0.5132743362831859
beijing_air,UCI Beijing Multi-Site Air,Aotizhongxin PM2.5,4.0,1,template_stuck,0.2,2400,template_based_semireal_injection,1.0,9.0,,privsaf_hmm,0.2,0.1983304716131095,0.001669528386890523,31,31,1.0,0.010092520880677476,0.004586231778788734,native_flatline,0.0,0.5132743362831859
beijing_air,UCI Beijing Multi-Site Air,Aotizhongxin PM2.5,4.0,2,template_stuck,0.2,2400,template_based_semireal_injection,-0.9992625368731564,8.0,,privsaf_mixture,0.2,0.13545454545454547,0.06454545454545454,0,0,1.0,0.11358586674498554,0.07143382324340442,native_flatline,0.005899705014749235,0.05530973451327437
beijing_air,UCI Beijing Multi-Site Air,Aotizhongxin PM2.5,4.0,2,template_stuck,0.2,2400,template_based_semireal_injection,-0.9992625368731564,8.0,,privsaf_hmm,0.2,0.2834421576840047,0.0834421576840047,0,0,1.0,0.17109280527696114,0.15232117264401737,native_flatline,0.005899705014749235,0.05530973451327437
beijing_air,UCI Beijing Multi-Site Air,Aotizhongxin PM2.5,4.0,0,bias,0.2,2400,random_synthetic_injection,,48.0,0.35,privsaf_mixture,0.2,0.1006060606060606,0.09939393939393941,,6,,0.1858370035497947,0.14709838830096525,,,
beijing_air,UCI Beijing Multi-Site Air,Aotizhongxin PM2.5,4.0,0,bias,0.2,2400,random_synthetic_injection,,48.0,0.35,privsaf_hmm,0.2,0.18102834189275688,0.018971658107243133,,7,,0.23160650299035576,0.23618228630378862,,,
beijing_air,UCI Beijing Multi-Site Air,Aotizhongxin PM2.5,4.0,1,bias,0.2,2400,random_synthetic_injection,,48.0,0.35,privsaf_mixture,0.2,0.11454545454545453,0.08545454545454548,,6,,0.18680087553591196,0.164115105666885,,,
beijing_air,UCI Beijing Multi-Site Air,Aotizhongxin PM2.5,4.0,1,bias,0.2,2400,random_synthetic_injection,,48.0,0.35,privsaf_hmm,0.2,0.1681089359360683,0.03189106406393172,,9,,0.21698929503637335,0.20943575248997676,,,
beijing_air,UCI Beijing Multi-Site Air,Aotizhongxin PM2.5,4.0,2,bias,0.2,2400,random_synthetic_injection,,48.0,0.35,privsaf_mixture,0.2,0.20515151515151514,0.005151515151515129,,7,,0.18139178191185998,0.157074450437095,,,
beijing_air,UCI Beijing Multi-Site Air,Aotizhongxin PM2.5,4.0,2,bias,0.2,2400,random_synthetic_injection,,48.0,0.35,privsaf_hmm,0.2,0.21637528894530522,0.01637528894530521,,9,,0.1998776847826052,0.20078825582934687,,,
nab,NAB Machine Temperature,value,2.0,0,iid_stuck,0.2,2400,random_synthetic_injection,-0.4895456012123122,,,privsaf_mixture,0.2,0.2818181818181818,0.08181818181818179,8,6,0.0,0.14987241069386756,0.089601422680961,,,
nab,NAB Machine Temperature,value,2.0,0,iid_stuck,0.2,2400,random_synthetic_injection,-0.4895456012123122,,,privsaf_hmm,0.2,0.25830493243246205,0.05830493243246204,8,0,0.0,0.34763055808465493,0.3476784599047389,,,
nab,NAB Machine Temperature,value,2.0,1,iid_stuck,0.2,2400,random_synthetic_injection,-0.4895456012123122,,,privsaf_mixture,0.2,0.2818181818181818,0.08181818181818179,8,6,0.0,0.1464160840959027,0.09001826539610112,,,
nab,NAB Machine Temperature,value,2.0,1,iid_stuck,0.2,2400,random_synthetic_injection,-0.4895456012123122,,,privsaf_hmm,0.2,0.26075703871526557,0.060757038715265554,8,0,0.0,0.3549825027839641,0.3550358538417956,,,
nab,NAB Machine Temperature,value,2.0,2,iid_stuck,0.2,2400,random_synthetic_injection,-0.4895456012123122,,,privsaf_mixture,0.2,0.2818181818181818,0.08181818181818179,8,4,0.0,0.1732299375390257,0.13401473464266056,,,
nab,NAB Machine Temperature,value,2.0,2,iid_stuck,0.2,2400,random_synthetic_injection,-0.4895456012123122,,,privsaf_hmm,0.2,0.2475465274333421,0.04754652743334209,8,0,0.0,0.3438428222234085,0.3430649538267407,,,
nab,NAB Machine Temperature,value,2.0,0,iid_stuck,0.2,2400,random_synthetic_injection,0.9349907260728443,,,privsaf_mixture,0.2,0.34454545454545454,0.14454545454545453,30,30,1.0,0.1694768120139747,0.14670486699542146,,,
nab,NAB Machine Temperature,value,2.0,0,iid_stuck,0.2,2400,random_synthetic_injection,0.9349907260728443,,,privsaf_hmm,0.2,0.2479864686004699,0.0479864686004699,30,0,0.0,0.34261950646500194,0.3448478030978823,,,
nab,NAB Machine Temperature,value,2.0,1,iid_stuck,0.2,2400,random_synthetic_injection,0.9349907260728443,,,privsaf_mixture,0.2,0.3306060606060606,0.13060606060606061,30,30,1.0,0.16538527106525652,0.13119151871250306,,,
nab,NAB Machine Temperature,value,2.0,1,iid_stuck,0.2,2400,random_synthetic_injection,0.9349907260728443,,,privsaf_hmm,0.2,0.2326726025152018,0.03267260251520179,30,0,0.0,0.33983674141207504,0.33793488148562234,,,
nab,NAB Machine Temperature,value,2.0,2,iid_stuck,0.2,2400,random_synthetic_injection,0.9349907260728443,,,privsaf_mixture,0.2,0.3375757575757576,0.13757575757575757,30,30,1.0,0.1667213421466356,0.13746881857970208,,,
nab,NAB Machine Temperature,value,2.0,2,iid_stuck,0.2,2400,random_synthetic_injection,0.9349907260728443,,,privsaf_hmm,0.2,0.23076103021626954,0.030761030216269525,30,0,0.0,0.3417413320792337,0.34182823169188004,,,
nab,NAB Machine Temperature,value,2.0,0,segment_stuck,0.2,2400,random_synthetic_injection,-0.4895456012123122,48.0,,privsaf_mixture,0.2,0.27484848484848484,0.07484848484848483,8,6,0.0,0.14545190524774929,0.09108935315881138,,,
nab,NAB Machine Temperature,value,2.0,0,segment_stuck,0.2,2400,random_synthetic_injection,-0.4895456012123122,48.0,,privsaf_hmm,0.2,0.421570743342139,0.221570743342139,8,6,0.0,0.2207529195605384,0.223095923067698,,,
nab,NAB Machine Temperature,value,2.0,1,segment_stuck,0.2,2400,random_synthetic_injection,-0.4895456012123122,48.0,,privsaf_mixture,0.2,0.2818181818181818,0.08181818181818179,8,5,0.0,0.16269504896370232,0.11461798398305528,,,
nab,NAB Machine Temperature,value,2.0,1,segment_stuck,0.2,2400,random_synthetic_injection,-0.4895456012123122,48.0,,privsaf_hmm,0.2,0.41547509440079783,0.21547509440079782,8,6,0.0,0.22129156245498335,0.21827776316475903,,,
nab,NAB Machine Temperature,value,2.0,2,segment_stuck,0.2,2400,random_synthetic_injection,-0.4895456012123122,48.0,,privsaf_mixture,0.2,0.2678787878787879,0.06787878787878787,8,1,0.0,0.1902716345558546,0.16506464547613772,,,
nab,NAB Machine Temperature,value,2.0,2,segment_stuck,0.2,2400,random_synthetic_injection,-0.4895456012123122,48.0,,privsaf_hmm,0.2,0.38679948933117125,0.18679948933117124,8,7,0.0,0.18202098481141502,0.18928573615655334,,,
nab,NAB Machine Temperature,value,2.0,0,segment_stuck,0.2,2400,random_synthetic_injection,0.9349907260728443,48.0,,privsaf_mixture,0.2,0.2887878787878788,0.0887878787878788,30,30,1.0,0.1480994780397012,0.09147629170500353,,,
nab,NAB Machine Temperature,value,2.0,0,segment_stuck,0.2,2400,random_synthetic_injection,0.9349907260728443,48.0,,privsaf_hmm,0.2,0.2078099979530375,0.007809997953037495,30,0,0.0,0.39771644399279243,0.4017403006148592,,,
nab,NAB Machine Temperature,value,2.0,1,segment_stuck,0.2,2400,random_synthetic_injection,0.9349907260728443,48.0,,privsaf_mixture,0.2,0.3236363636363636,0.1236363636363636,30,30,1.0,0.1628739117849057,0.12882888304315587,,,
nab,NAB Machine Temperature,value,2.0,1,segment_stuck,0.2,2400,random_synthetic_injection,0.9349907260728443,48.0,,privsaf_hmm,0.2,0.20982325262527482,0.009823252625274809,30,0,0.0,0.40047928414345707,0.40579720245116213,,,
nab,NAB Machine Temperature,value,2.0,2,segment_stuck,0.2,2400,random_synthetic_injection,0.9349907260728443,48.0,,privsaf_mixture,0.2,0.34454545454545454,0.14454545454545453,30,30,1.0,0.16849859385139682,0.1447001093433181,,,
nab,NAB Machine Temperature,value,2.0,2,segment_stuck,0.2,2400,random_synthetic_injection,0.9349907260728443,48.0,,privsaf_hmm,0.2,0.1975331546644336,0.0024668453355664033,30,0,0.0,0.3846090802002327,0.3841300854153653,,,
nab,NAB Machine Temperature,value,2.0,0,template_stuck,0.2,2400,template_based_semireal_injection,1.0,11.0,,privsaf_mixture,0.2,0.2818181818181818,0.08181818181818179,31,31,1.0,0.14543233545589984,0.08303826763287044,native_flatline,0.0,0.021579212329527087
nab,NAB Machine Temperature,value,2.0,0,template_stuck,0.2,2400,template_based_semireal_injection,1.0,11.0,,privsaf_hmm,0.2,0.1778413794354124,0.022158620564587617,31,0,0.0,0.3322942114167318,0.33489923086641904,native_flatline,0.0,0.021579212329527087
nab,NAB Machine Temperature,value,2.0,1,template_stuck,0.2,2400,template_based_semireal_injection,-1.0,10.0,,privsaf_mixture,0.2,0.3654545454545455,0.16545454545454547,0,0,1.0,0.1848166933316346,0.16795269720932665,native_flatline,0.0,0.053816755911229586
nab,NAB Machine Temperature,value,2.0,1,template_stuck,0.2,2400,template_based_semireal_injection,-1.0,10.0,,privsaf_hmm,0.2,0.4075357441015507,0.20753574410155068,0,0,1.0,0.2744832808301902,0.2634716652587056,native_flatline,0.0,0.053816755911229586
nab,NAB Machine Temperature,value,2.0,2,template_stuck,0.2,2400,template_based_semireal_injection,1.0,11.0,,privsaf_mixture,0.2,0.34454545454545454,0.14454545454545453,31,30,0.0,0.16911413306271134,0.145223825530017,native_flatline,0.0,0.021579212329527087
nab,NAB Machine Temperature,value,2.0,2,template_stuck,0.2,2400,template_based_semireal_injection,1.0,11.0,,privsaf_hmm,0.2,0.20209734130175605,0.0020973413017560394,31,0,0.0,0.37393235577385125,0.37878192847793746,native_flatline,0.0,0.021579212329527087
nab,NAB Machine Temperature,value,2.0,0,bias,0.2,2400,random_synthetic_injection,,48.0,0.35,privsaf_mixture,0.2,0.17030303030303032,0.029696969696969694,,0,,0.20691962624468888,0.20438348961973293,,,
nab,NAB Machine Temperature,value,2.0,0,bias,0.2,2400,random_synthetic_injection,,48.0,0.35,privsaf_hmm,0.2,0.24318548601777665,0.043185486017776636,,0,,0.3635827627333698,0.3634734545429791,,,
nab,NAB Machine Temperature,value,2.0,1,bias,0.2,2400,random_synthetic_injection,,48.0,0.35,privsaf_mixture,0.2,0.19818181818181818,0.0018181818181818299,,0,,0.22067651725936108,0.22132457895580537,,,
nab,NAB Machine Temperature,value,2.0,1,bias,0.2,2400,random_synthetic_injection,,48.0,0.35,privsaf_hmm,0.2,0.240797859217178,0.04079785921717799,,0,,0.3736627450603117,0.3773868838650013,,,
nab,NAB Machine Temperature,value,2.0,2,bias,0.2,2400,random_synthetic_injection,,48.0,0.35,privsaf_mixture,0.2,0.2887878787878788,0.0887878787878788,,30,,0.16615234114303895,0.09898800567513069,,,
nab,NAB Machine Temperature,value,2.0,2,bias,0.2,2400,random_synthetic_injection,,48.0,0.35,privsaf_hmm,0.2,0.21882038540413817,0.018820385404138162,,0,,0.3640315342262486,0.36701302672441244,,,
nab,NAB Machine Temperature,value,4.0,0,iid_stuck,0.2,2400,random_synthetic_injection,-0.4895456012123122,,,privsaf_mixture,0.2,0.2190909090909091,0.019090909090909075,8,8,1.0,0.05741428756664548,0.020364728192204164,,,
nab,NAB Machine Temperature,value,4.0,0,iid_stuck,0.2,2400,random_synthetic_injection,-0.4895456012123122,,,privsaf_hmm,0.2,0.22045826340537455,0.020458263405374544,8,0,0.0,0.3295077508730215,0.32992246579743245,,,
nab,NAB Machine Temperature,value,4.0,1,iid_stuck,0.2,2400,random_synthetic_injection,-0.4895456012123122,,,privsaf_mixture,0.2,0.2190909090909091,0.019090909090909075,8,8,1.0,0.04840753973765025,0.02264801044131343,,,
nab,NAB Machine Temperature,value,4.0,1,iid_stuck,0.2,2400,random_synthetic_injection,-0.4895456012123122,,,privsaf_hmm,0.2,0.21988917507635866,0.01988917507635865,8,0,0.0,0.3365741185735512,0.3365521640341538,,,
nab,NAB Machine Temperature,value,4.0,2,iid_stuck,0.2,2400,random_synthetic_injection,-0.4895456012123122,,,privsaf_mixture,0.2,0.22606060606060607,0.026060606060606062,8,8,1.0,0.054103133049982606,0.02923689695032148,,,
nab,NAB Machine Temperature,value,4.0,2,iid_stuck,0.2,2400,random_synthetic_injection,-0.4895456012123122,,,privsaf_hmm,0.2,0.22422755305168612,0.024227553051686113,8,0,0.0,0.3374995444924105,0.33882486130306316,,,
nab,NAB Machine Temperature,value,4.0,0,iid_stuck,0.2,2400,random_synthetic_injection,0.9349907260728443,,,privsaf_mixture,0.2,0.23303030303030303,0.03303030303030302,30,30,1.0,0.09978443730913643,0.04431942252352526,,,
nab,NAB Machine Temperature,value,4.0,0,iid_stuck,0.2,2400,random_synthetic_injection,0.9349907260728443,,,privsaf_hmm,0.2,0.21545774768853776,0.015457747688537748,30,0,0.0,0.3269459102874101,0.32543144934387414,,,
nab,NAB Machine Temperature,value,4.0,1,iid_stuck,0.2,2400,random_synthetic_injection,0.9349907260728443,,,privsaf_mixture,0.2,0.2539393939393939,0.0539393939393939,30,30,1.0,0.10077097586664008,0.06547677212237848,,,
nab,NAB Machine Temperature,value,4.0,1,iid_stuck,0.2,2400,random_synthetic_injection,0.9349907260728443,,,privsaf_hmm,0.2,0.2162189196512097,0.016218919651209696,30,0,0.0,0.33740920890112014,0.337907498593063,,,
nab,NAB Machine Temperature,value,4.0,2,iid_stuck,0.2,2400,random_synthetic_injection,0.9349907260728443,,,privsaf_mixture,0.2,0.24,0.03999999999999998,30,30,1.0,0.09596687284924708,0.043309817231930656,,,
nab,NAB Machine Temperature,value,4.0,2,iid_stuck,0.2,2400,random_synthetic_injection,0.9349907260728443,,,privsaf_hmm,0.2,0.21605121417171128,0.016051214171711264,30,0,0.0,0.3333862372877908,0.33207157000553805,,,
nab,NAB Machine Temperature,value,4.0,0,segment_stuck,0.2,2400,random_synthetic_injection,-0.4895456012123122,48.0,,privsaf_mixture,0.2,0.22606060606060607,0.026060606060606062,8,8,1.0,0.055603634900938496,0.028731656676876813,,,
nab,NAB Machine Temperature,value,4.0,0,segment_stuck,0.2,2400,random_synthetic_injection,-0.4895456012123122,48.0,,privsaf_hmm,0.2,0.23312164971111757,0.03312164971111756,8,8,1.0,0.03378612112287891,0.0335535786401011,,,
nab,NAB Machine Temperature,value,4.0,1,segment_stuck,0.2,2400,random_synthetic_injection,-0.4895456012123122,48.0,,privsaf_mixture,0.2,0.2190909090909091,0.019090909090909075,8,8,1.0,0.057818065692491614,0.0229581040248331,,,
nab,NAB Machine Temperature,value,4.0,1,segment_stuck,0.2,2400,random_synthetic_injection,-0.4895456012123122,48.0,,privsaf_hmm,0.2,0.23816845568128467,0.03816845568128466,8,8,1.0,0.03669004142070044,0.038614664489703764,,,
nab,NAB Machine Temperature,value,4.0,2,segment_stuck,0.2,2400,random_synthetic_injection,-0.4895456012123122,48.0,,privsaf_mixture,0.2,0.22606060606060607,0.026060606060606062,8,8,1.0,0.04943329142848305,0.031277171466683885,,,
nab,NAB Machine Temperature,value,4.0,2,segment_stuck,0.2,2400,random_synthetic_injection,-0.4895456012123122,48.0,,privsaf_hmm,0.2,0.22413911698589956,0.024139116985899545,8,8,1.0,0.02435954192211426,0.024313199219550802,,,
nab,NAB Machine Temperature,value,4.0,0,segment_stuck,0.2,2400,random_synthetic_injection,0.9349907260728443,48.0,,privsaf_mixture,0.2,0.23303030303030303,0.03303030303030302,30,30,1.0,0.09204100419093236,0.04803927351539882,,,
nab,NAB Machine Temperature,value,4.0,0,segment_stuck,0.2,2400,random_synthetic_injection,0.9349907260728443,48.0,,privsaf_hmm,0.2,0.1798593924083871,0.020140607591612902,30,0,0.0,0.3774521554840758,0.3779066498707181,,,
nab,NAB Machine Temperature,value,4.0,1,segment_stuck,0.2,2400,random_synthetic_injection,0.9349907260728443,48.0,,privsaf_mixture,0.2,0.24696969696969698,0.04696969696969697,30,30,1.0,0.10144522733205193,0.07472886700793627,,,
nab,NAB Machine Temperature,value,4.0,1,segment_stuck,0.2,2400,random_synthetic_injection,0.9349907260728443,48.0,,privsaf_hmm,0.2,0.18374626984998832,0.01625373015001169,30,0,0.0,0.38104880528435964,0.3816034271624905,,,
nab,NAB Machine Temperature,value,4.0,2,segment_stuck,0.2,2400,random_synthetic_injection,0.9349907260728443,48.0,,privsaf_mixture,0.2,0.27484848484848484,0.07484848484848483,30,30,1.0,0.10782840643433453,0.07769645044592151,,,
nab,NAB Machine Temperature,value,4.0,2,segment_stuck,0.2,2400,random_synthetic_injection,0.9349907260728443,48.0,,privsaf_hmm,0.2,0.1905303201391221,0.009469679860877905,30,0,0.0,0.3892365461154869,0.3895338249901605,,,
nab,NAB Machine Temperature,value,4.0,0,template_stuck,0.2,2400,template_based_semireal_injection,1.0,11.0,,privsaf_mixture,0.2,0.2190909090909091,0.019090909090909075,31,31,1.0,0.07601579006993296,0.048337206053529196,native_flatline,0.0,0.021579212329527087
nab,NAB Machine Temperature,value,4.0,0,template_stuck,0.2,2400,template_based_semireal_injection,1.0,11.0,,privsaf_hmm,0.2,0.16142081820837337,0.03857918179162664,31,0,0.0,0.35078031538698795,0.3515941977607409,native_flatline,0.0,0.021579212329527087
nab,NAB Machine Temperature,value,4.0,1,template_stuck,0.2,2400,template_based_semireal_injection,-1.0,10.0,,privsaf_mixture,0.2,0.3654545454545455,0.16545454545454547,0,0,1.0,0.18069658603011163,0.17029102204398056,native_flatline,0.0,0.053816755911229586
nab,NAB Machine Temperature,value,4.0,1,template_stuck,0.2,2400,template_based_semireal_injection,-1.0,10.0,,privsaf_hmm,0.2,0.39309306974822306,0.19309306974822305,0,0,1.0,0.20194847372691613,0.19816916683814215,native_flatline,0.0,0.053816755911229586
nab,NAB Machine Temperature,value,4.0,2,template_stuck,0.2,2400,template_based_semireal_injection,1.0,11.0,,privsaf_mixture,0.2,0.22606060606060607,0.026060606060606062,31,31,1.0,0.07875885537336408,0.06583964646802964,native_flatline,0.0,0.021579212329527087
nab,NAB Machine Temperature,value,4.0,2,template_stuck,0.2,2400,template_based_semireal_injection,1.0,11.0,,privsaf_hmm,0.2,0.18803321302333748,0.011966786976662536,31,0,0.0,0.38088259842679645,0.3819614314442165,native_flatline,0.0,0.021579212329527087
nab,NAB Machine Temperature,value,4.0,0,bias,0.2,2400,random_synthetic_injection,,48.0,0.35,privsaf_mixture,0.2,0.17030303030303032,0.029696969696969694,,0,,0.2924977227715432,0.30857796722564546,,,
nab,NAB Machine Temperature,value,4.0,0,bias,0.2,2400,random_synthetic_injection,,48.0,0.35,privsaf_hmm,0.2,0.18107991513445326,0.01892008486554675,,0,,0.37555881456064893,0.3760902029830182,,,
nab,NAB Machine Temperature,value,4.0,1,bias,0.2,2400,random_synthetic_injection,,48.0,0.35,privsaf_mixture,0.2,0.17030303030303032,0.029696969696969694,,0,,0.295346626859834,0.3124752894431022,,,
nab,NAB Machine Temperature,value,4.0,1,bias,0.2,2400,random_synthetic_injection,,48.0,0.35,privsaf_hmm,0.2,0.1876427922954104,0.012357207704589618,,0,,0.37975523311348414,0.38128947098866806,,,
nab,NAB Machine Temperature,value,4.0,2,bias,0.2,2400,random_synthetic_injection,,48.0,0.35,privsaf_mixture,0.2,0.18424242424242424,0.015757575757575776,,0,,0.308215003812073,0.3248626350137569,,,
nab,NAB Machine Temperature,value,4.0,2,bias,0.2,2400,random_synthetic_injection,,48.0,0.35,privsaf_hmm,0.2,0.19114718866797148,0.008852811332028532,,0,,0.388369187889198,0.3889693835081277,,,
