dataset,stream,fault_mode,stuck_value_type,epsilon,method,calibration_condition,rows,AUROC_mean,AUROC_std,AUPRC_mean,AUPRC_std,TV_sep_mean,KL_sep_mean,ratio_MAE_mean,bucket_hit1_mean,fault_rate_mean,segment_length_min,segment_length_max
air_quality,C6H6(GT),segment_stuck,median,0.5,ldp_distribution_surprise,matched_train,12,0.4758422846274637,0.02994162790583104,0.07352162314303883,0.02554827717276983,0.04292713196793809,0.005616884757036369,,,0.075,12,24
air_quality,C6H6(GT),segment_stuck,median,0.5,ldp_window_glr,matched_train,12,0.47341447029997835,0.04395932800760435,0.0869429194593186,0.038107225276364905,0.04292713196793809,0.005616884757036369,0.10277777777777779,0.0,0.075,12,24
air_quality,C6H6(GT),segment_stuck,median,0.5,privsaf_hmm,matched_train,12,0.3980127788607321,0.1427547865925222,0.06450974394674823,0.02308354407076951,0.04292713196793809,0.005616884757036369,0.029874612939575922,0.0,0.075,12,24
air_quality,C6H6(GT),segment_stuck,median,0.5,privsaf_mixture,matched_train,12,0.46490028359865715,0.028225326746376893,0.06845279432448038,0.023347062128107582,0.04292713196793809,0.005616884757036369,0.3066161616161616,0.0,0.075,12,24
beijing_air,Aotizhongxin PM2.5,segment_stuck,median,0.5,ldp_distribution_surprise,matched_train,12,0.4908509651830193,0.03444455553969522,0.0764050547890338,0.026291953253296106,0.04402327572989465,0.006061656412656001,,,0.075,12,24
beijing_air,Aotizhongxin PM2.5,segment_stuck,median,0.5,ldp_window_glr,matched_train,12,0.5328303687459389,0.12416809590441429,0.11660337375237943,0.05421311529286894,0.04402327572989465,0.006061656412656001,0.10638888888888888,0.0,0.075,12,24
beijing_air,Aotizhongxin PM2.5,segment_stuck,median,0.5,privsaf_hmm,matched_train,12,0.42758886993718864,0.15931115198160134,0.07472468561878408,0.04171569440873657,0.04402327572989465,0.006061656412656001,0.01698204482455876,0.0,0.075,12,24
beijing_air,Aotizhongxin PM2.5,segment_stuck,median,0.5,privsaf_mixture,matched_train,12,0.47335746290881525,0.035424179499098984,0.07203375115034112,0.02414343863243245,0.04402327572989465,0.006061656412656001,0.316489898989899,0.0,0.075,12,24
bike_sharing,cnt,segment_stuck,median,0.5,ldp_distribution_surprise,matched_train,12,0.45851327295863115,0.03238850800567597,0.07105138520166206,0.025006848327204147,0.04749794819639788,0.006478804308403909,,,0.075,12,24
bike_sharing,cnt,segment_stuck,median,0.5,ldp_window_glr,matched_train,12,0.5136001461988304,0.09929746979163734,0.09174618989845774,0.03385100906514083,0.04749794819639788,0.006478804308403909,0.11937500000000001,0.0,0.075,12,24
bike_sharing,cnt,segment_stuck,median,0.5,privsaf_hmm,matched_train,12,0.4321983972276369,0.16535766554533363,0.07095748108268153,0.03628214417435531,0.04749794819639788,0.006478804308403909,0.041526645535363726,0.0,0.075,12,24
bike_sharing,cnt,segment_stuck,median,0.5,privsaf_mixture,matched_train,12,0.46076294130387696,0.03781406814309316,0.0703784779089867,0.025226417226866357,0.04749794819639788,0.006478804308403909,0.2225,0.0,0.075,12,24
household_power,Global_active_power hourly sample,segment_stuck,median,0.5,ldp_distribution_surprise,matched_train,12,0.48540279131470654,0.024125540703417,0.07552605466839252,0.02658235872286363,0.045892571827810674,0.007114811225923123,,,0.075,12,24
household_power,Global_active_power hourly sample,segment_stuck,median,0.5,ldp_window_glr,matched_train,12,0.5552319383528265,0.057690943562662265,0.11549792368974514,0.048736278942047344,0.045892571827810674,0.007114811225923123,0.09833333333333333,0.0,0.075,12,24
household_power,Global_active_power hourly sample,segment_stuck,median,0.5,privsaf_hmm,matched_train,12,0.5266729613385315,0.12824700275482642,0.09663759711304648,0.043293923945049,0.045892571827810674,0.007114811225923123,0.009894764805226103,0.0,0.075,12,24
household_power,Global_active_power hourly sample,segment_stuck,median,0.5,privsaf_mixture,matched_train,12,0.5005161630929175,0.030396793049629958,0.07607303815844131,0.026204216198203505,0.045892571827810674,0.007114811225923123,0.0891919191919192,0.08333333333333333,0.075,12,24
nab,value,segment_stuck,median,0.5,ldp_distribution_surprise,matched_train,12,0.46944950387156165,0.04228655876668876,0.07111988801676236,0.026323523645356214,0.03688707799894865,0.004015800434845944,,,0.075,12,24
nab,value,segment_stuck,median,0.5,ldp_window_glr,matched_train,12,0.41303472560645443,0.1397660352493622,0.08108068766929828,0.03455929463633253,0.03688707799894865,0.004015800434845944,0.10180555555555555,0.0,0.075,12,24
nab,value,segment_stuck,median,0.5,privsaf_hmm,matched_train,12,0.42840744801819364,0.0774205736709685,0.0758125001643015,0.04376584465294525,0.03688707799894865,0.004015800434845944,0.025040861232262752,0.0,0.075,12,24
nab,value,segment_stuck,median,0.5,privsaf_mixture,matched_train,12,0.47622446596816115,0.03792544016678099,0.07224475892447325,0.028652299235384055,0.03688707799894865,0.004015800434845944,0.1557070707070707,0.0,0.075,12,24
air_quality,C6H6(GT),segment_stuck,median,1.0,ldp_distribution_surprise,matched_train,12,0.46917289365388776,0.027684723720765768,0.07173763427297059,0.025563122589823854,0.09544684072873648,0.02548712711849214,,,0.075,12,24
air_quality,C6H6(GT),segment_stuck,median,1.0,ldp_window_glr,matched_train,12,0.4440238520684427,0.11108550026416508,0.08411111642364372,0.036173721565518645,0.09544684072873648,0.02548712711849214,0.10388888888888888,0.0,0.075,12,24
air_quality,C6H6(GT),segment_stuck,median,1.0,privsaf_hmm,matched_train,12,0.33758199994585225,0.06671763333441166,0.05697650724971535,0.019092810563142344,0.09544684072873648,0.02548712711849214,0.10918995013866056,0.0,0.075,12,24
air_quality,C6H6(GT),segment_stuck,median,1.0,privsaf_mixture,matched_train,12,0.4496894966969894,0.015319463686325608,0.06710056334947172,0.023609390003763945,0.09544684072873648,0.02548712711849214,0.3038131313131313,0.0,0.075,12,24
beijing_air,Aotizhongxin PM2.5,segment_stuck,median,1.0,ldp_distribution_surprise,matched_train,12,0.4912732665962746,0.028019073676117508,0.07440422982511984,0.026065314107628888,0.08779010972176231,0.023366539905774798,,,0.075,12,24
beijing_air,Aotizhongxin PM2.5,segment_stuck,median,1.0,ldp_window_glr,matched_train,12,0.5324289818875894,0.13202629333312704,0.09007596982118592,0.03059298711462256,0.08779010972176231,0.023366539905774798,0.11090277777777778,0.0,0.075,12,24
beijing_air,Aotizhongxin PM2.5,segment_stuck,median,1.0,privsaf_hmm,matched_train,12,0.4109683980398527,0.13043668674889208,0.06343256247601715,0.02480568887612529,0.08779010972176231,0.023366539905774798,0.07080941513276297,0.0,0.075,12,24
beijing_air,Aotizhongxin PM2.5,segment_stuck,median,1.0,privsaf_mixture,matched_train,12,0.47363434386506387,0.029019371039436886,0.07191879578740293,0.02538169288302828,0.08779010972176231,0.023366539905774798,0.3270454545454546,0.08333333333333333,0.075,12,24
bike_sharing,cnt,segment_stuck,median,1.0,ldp_distribution_surprise,matched_train,12,0.40954783273770845,0.029242651381105867,0.06273116161481451,0.02217788747255789,0.11441516744638071,0.034720706018969316,,,0.075,12,24
bike_sharing,cnt,segment_stuck,median,1.0,ldp_window_glr,matched_train,12,0.359960353719948,0.10319366735781776,0.06719027003182995,0.022530937575836137,0.11441516744638071,0.034720706018969316,0.10902777777777778,0.0,0.075,12,24
bike_sharing,cnt,segment_stuck,median,1.0,privsaf_hmm,matched_train,12,0.2597874025341131,0.10782813915756442,0.04949219567875337,0.020174379276939283,0.11441516744638071,0.034720706018969316,0.05621128426802644,0.0,0.075,12,24
bike_sharing,cnt,segment_stuck,median,1.0,privsaf_mixture,matched_train,12,0.4173697747455058,0.03420699190906315,0.0638120457062941,0.022862752693693797,0.11441516744638071,0.034720706018969316,0.22424242424242424,0.0,0.075,12,24
household_power,Global_active_power hourly sample,segment_stuck,median,1.0,ldp_distribution_surprise,matched_train,12,0.47434445730452673,0.024571083203301345,0.07170800095929612,0.02592651537107394,0.0953632532197154,0.027792031787415402,,,0.075,12,24
household_power,Global_active_power hourly sample,segment_stuck,median,1.0,ldp_window_glr,matched_train,12,0.5555621886506389,0.14438638895006764,0.11068457646018176,0.04384477777175184,0.0953632532197154,0.027792031787415402,0.10840277777777778,0.0,0.075,12,24
household_power,Global_active_power hourly sample,segment_stuck,median,1.0,privsaf_hmm,matched_train,12,0.5306230709876544,0.12821325401013972,0.12170345018927903,0.08707031384213303,0.0953632532197154,0.027792031787415402,0.015274299316420688,0.0,0.075,12,24
household_power,Global_active_power hourly sample,segment_stuck,median,1.0,privsaf_mixture,matched_train,12,0.5237675134015595,0.036260104092431085,0.08211079864441911,0.029740747596616622,0.0953632532197154,0.027792031787415402,0.1009090909090909,0.16666666666666666,0.075,12,24
nab,value,segment_stuck,median,1.0,ldp_distribution_surprise,matched_train,12,0.46514726486354774,0.026858211405816262,0.07229132853696009,0.025119907016807462,0.07919215719736539,0.017926918806133327,,,0.075,12,24
nab,value,segment_stuck,median,1.0,ldp_window_glr,matched_train,12,0.41571073952241716,0.07034537015405899,0.07260684091490281,0.026811498683785746,0.07919215719736539,0.017926918806133327,0.10944444444444446,0.0,0.075,12,24
nab,value,segment_stuck,median,1.0,privsaf_hmm,matched_train,12,0.4667487342971626,0.06288490375555347,0.0675841723101742,0.025282809757276533,0.07919215719736539,0.017926918806133327,0.08097783286960329,0.0,0.075,12,24
nab,value,segment_stuck,median,1.0,privsaf_mixture,matched_train,12,0.46918035588585666,0.03111248833352195,0.07154713395529634,0.024353930985683832,0.07919215719736539,0.017926918806133327,0.09984848484848485,0.0,0.075,12,24
air_quality,C6H6(GT),segment_stuck,median,2.0,ldp_distribution_surprise,matched_train,12,0.4202165908598657,0.02858195734386215,0.06657389610695083,0.02379804161955875,0.23472493687969279,0.14188923543730877,,,0.075,12,24
air_quality,C6H6(GT),segment_stuck,median,2.0,ldp_window_glr,matched_train,12,0.46118270454299326,0.08985042321596469,0.07711372176021022,0.034028889777645475,0.23472493687969279,0.14188923543730877,0.10409722222222222,0.0,0.075,12,24
air_quality,C6H6(GT),segment_stuck,median,2.0,privsaf_hmm,matched_train,12,0.3120426548624648,0.08023940659130305,0.05189889017231561,0.01971652925894574,0.23472493687969279,0.14188923543730877,0.13806635983142182,0.0,0.075,12,24
air_quality,C6H6(GT),segment_stuck,median,2.0,privsaf_mixture,matched_train,12,0.4059511046133853,0.020317346377229113,0.06155768911769419,0.021562997687516447,0.23472493687969279,0.14188923543730877,0.22075757575757574,0.0,0.075,12,24
beijing_air,Aotizhongxin PM2.5,segment_stuck,median,2.0,ldp_distribution_surprise,matched_train,12,0.4688973494693524,0.028395038280283523,0.07273968777649924,0.026360988173233783,0.23211724261182942,0.1379103519558833,,,0.075,12,24
beijing_air,Aotizhongxin PM2.5,segment_stuck,median,2.0,ldp_window_glr,matched_train,12,0.48479500013536936,0.14539608110673466,0.08678842312194174,0.04184182702789235,0.23211724261182942,0.1379103519558833,0.10479166666666667,0.0,0.075,12,24
beijing_air,Aotizhongxin PM2.5,segment_stuck,median,2.0,privsaf_hmm,matched_train,12,0.38398341049382717,0.07301036797721618,0.05832075797879427,0.023942959376068974,0.23211724261182942,0.1379103519558833,0.12214712770511149,0.0,0.075,12,24
beijing_air,Aotizhongxin PM2.5,segment_stuck,median,2.0,privsaf_mixture,matched_train,12,0.5281037131795538,0.037209954067963964,0.0840575495190538,0.03189818993123182,0.23211724261182942,0.1379103519558833,0.2794191919191919,0.0,0.075,12,24
bike_sharing,cnt,segment_stuck,median,2.0,ldp_distribution_surprise,matched_train,12,0.30768790949209446,0.022048924959271136,0.053249585037475976,0.018653871718110674,0.2553347779058968,0.16200722225669412,,,0.075,12,24
bike_sharing,cnt,segment_stuck,median,2.0,ldp_window_glr,matched_train,12,0.37552431909248435,0.12530273143742995,0.0699857177413669,0.029784469601483368,0.2553347779058968,0.16200722225669412,0.12131944444444444,0.0,0.075,12,24
bike_sharing,cnt,segment_stuck,median,2.0,privsaf_hmm,matched_train,12,0.20328453270521984,0.08189183002683513,0.04507476531111452,0.016063777473918732,0.2553347779058968,0.16200722225669412,0.054279683105298016,0.0,0.075,12,24
bike_sharing,cnt,segment_stuck,median,2.0,privsaf_mixture,matched_train,12,0.30819913160602125,0.02572381190153236,0.05364527812047848,0.018619975626528534,0.2553347779058968,0.16200722225669412,0.15512626262626264,0.0,0.075,12,24
household_power,Global_active_power hourly sample,segment_stuck,median,2.0,ldp_distribution_surprise,matched_train,12,0.42030368407515706,0.02593469693628982,0.06574719865744685,0.023167485827004217,0.21898065782180332,0.1296278305415485,,,0.075,12,24
household_power,Global_active_power hourly sample,segment_stuck,median,2.0,ldp_window_glr,matched_train,12,0.5196023357970544,0.11346249263402078,0.1325504712931885,0.0892295257954195,0.21898065782180332,0.1296278305415485,0.11798611111111111,0.08333333333333333,0.075,12,24
household_power,Global_active_power hourly sample,segment_stuck,median,2.0,privsaf_hmm,matched_train,12,0.5147870979532164,0.2783419320873796,0.2116619814949545,0.24613855677344096,0.21898065782180332,0.1296278305415485,0.02138994253723867,0.3333333333333333,0.075,12,24
household_power,Global_active_power hourly sample,segment_stuck,median,2.0,privsaf_mixture,matched_train,12,0.48896599861923323,0.11326876446078088,0.08064674305638946,0.04201712295847535,0.21898065782180332,0.1296278305415485,0.04805555555555555,0.16666666666666666,0.075,12,24
nab,value,segment_stuck,median,2.0,ldp_distribution_surprise,matched_train,12,0.41399268329001515,0.028149679143043352,0.06494096648971577,0.023602084694353712,0.20459751871671508,0.10755589407251802,,,0.075,12,24
nab,value,segment_stuck,median,2.0,ldp_window_glr,matched_train,12,0.39506370817089015,0.07049449261242004,0.06285761182369883,0.020597309688914885,0.20459751871671508,0.10755589407251802,0.1034722222222222,0.0,0.075,12,24
nab,value,segment_stuck,median,2.0,privsaf_hmm,matched_train,12,0.39631193144899285,0.05206046843866042,0.05864743428445405,0.02320899045733495,0.20459751871671508,0.10755589407251802,0.07864902491968996,0.0,0.075,12,24
nab,value,segment_stuck,median,2.0,privsaf_mixture,matched_train,12,0.42442193930041155,0.03672432387652427,0.06598652099745704,0.0232778084192141,0.20459751871671508,0.10755589407251802,0.08358585858585858,0.0,0.075,12,24
air_quality,C6H6(GT),segment_stuck,min_tv_column,0.5,ldp_distribution_surprise,matched_train,12,0.4786587272579597,0.03175027474426449,0.07443971569423852,0.025742138687198757,0.041045533086188676,0.005488262357548214,,,0.075,12,24
air_quality,C6H6(GT),segment_stuck,min_tv_column,0.5,ldp_window_glr,matched_train,12,0.49114916680203596,0.09022866928825017,0.09191141056614714,0.03826951894545698,0.041045533086188676,0.005488262357548214,0.10833333333333332,0.0,0.075,12,24
air_quality,C6H6(GT),segment_stuck,min_tv_column,0.5,privsaf_hmm,matched_train,12,0.3999799653454625,0.15364776237890423,0.06344986322592537,0.022776463056524355,0.041045533086188676,0.005488262357548214,0.030065470140663773,0.0,0.075,12,24
air_quality,C6H6(GT),segment_stuck,min_tv_column,0.5,privsaf_mixture,matched_train,12,0.4670379507797271,0.03536262388573739,0.06867078030595104,0.023523053096086415,0.041045533086188676,0.005488262357548214,0.30777777777777776,0.0,0.075,12,24
beijing_air,Aotizhongxin PM2.5,segment_stuck,min_tv_column,0.5,ldp_distribution_surprise,matched_train,12,0.48997837475633527,0.034352872720519866,0.07658021602416322,0.025981297940660723,0.039465744637236275,0.005298912335539606,,,0.075,12,24
beijing_air,Aotizhongxin PM2.5,segment_stuck,min_tv_column,0.5,ldp_window_glr,matched_train,12,0.5175485129683778,0.11798541867195239,0.1086530651382333,0.04862762695955341,0.039465744637236275,0.005298912335539606,0.10625,0.0,0.075,12,24
beijing_air,Aotizhongxin PM2.5,segment_stuck,min_tv_column,0.5,privsaf_hmm,matched_train,12,0.43553602853584583,0.15627499665624173,0.07469664496545309,0.038256003751362795,0.039465744637236275,0.005298912335539606,0.017404647681252626,0.0,0.075,12,24
beijing_air,Aotizhongxin PM2.5,segment_stuck,min_tv_column,0.5,privsaf_mixture,matched_train,12,0.4796934562486463,0.031262660357328734,0.07281764220298867,0.025394561518060653,0.039465744637236275,0.005298912335539606,0.3397222222222222,0.0,0.075,12,24
bike_sharing,cnt,segment_stuck,min_tv_column,0.5,ldp_distribution_surprise,matched_train,12,0.45968929364305827,0.03095737136103236,0.07140306832728353,0.024307836729628014,0.047163476261314036,0.006915348103022852,,,0.075,12,24
bike_sharing,cnt,segment_stuck,min_tv_column,0.5,ldp_window_glr,matched_train,12,0.5067177854938271,0.10414731309544348,0.08808809226043267,0.029065774670287873,0.047163476261314036,0.006915348103022852,0.118125,0.0,0.075,12,24
bike_sharing,cnt,segment_stuck,min_tv_column,0.5,privsaf_hmm,matched_train,12,0.4162900693090752,0.1742060877051242,0.07093458598902826,0.04007379013375752,0.047163476261314036,0.006915348103022852,0.04007376341082806,0.0,0.075,12,24
bike_sharing,cnt,segment_stuck,min_tv_column,0.5,privsaf_mixture,matched_train,12,0.45795947720381197,0.0392229402080591,0.06957166714646146,0.024787096906736632,0.047163476261314036,0.006915348103022852,0.21669191919191919,0.0,0.075,12,24
household_power,Global_active_power hourly sample,segment_stuck,min_tv_column,0.5,ldp_distribution_surprise,matched_train,12,0.48600887345679017,0.02827425101576964,0.07554704630845487,0.025717446733777568,0.04028063450823084,0.005713552985540144,,,0.075,12,24
household_power,Global_active_power hourly sample,segment_stuck,min_tv_column,0.5,ldp_window_glr,matched_train,12,0.5470363601906,0.0792273888745828,0.11431980797451902,0.04626575123788575,0.04028063450823084,0.005713552985540144,0.10340277777777777,0.0,0.075,12,24
household_power,Global_active_power hourly sample,segment_stuck,min_tv_column,0.5,privsaf_hmm,matched_train,12,0.5711522295321637,0.11466107955664552,0.1253741640671736,0.1011168439430903,0.04028063450823084,0.005713552985540144,0.011434576118366383,0.0,0.075,12,24
household_power,Global_active_power hourly sample,segment_stuck,min_tv_column,0.5,privsaf_mixture,matched_train,12,0.5085500257201646,0.02656710999563081,0.07795673720398717,0.026764617401597055,0.04028063450823084,0.005713552985540144,0.10555555555555556,0.0,0.075,12,24
nab,value,segment_stuck,min_tv_column,0.5,ldp_distribution_surprise,matched_train,12,0.47038876367229804,0.03944155583711858,0.07100215043229327,0.02641672556650434,0.03484203939575137,0.004129773796234438,,,0.075,12,24
nab,value,segment_stuck,min_tv_column,0.5,ldp_window_glr,matched_train,12,0.41254580558262943,0.13877309316544734,0.08203604759176035,0.03873652517481867,0.03484203939575137,0.004129773796234438,0.10458333333333335,0.0,0.075,12,24
nab,value,segment_stuck,min_tv_column,0.5,privsaf_hmm,matched_train,12,0.4492773649014512,0.08497178167307373,0.07192313579604992,0.02708053608338799,0.03484203939575137,0.004129773796234438,0.024661194832040018,0.0,0.075,12,24
nab,value,segment_stuck,min_tv_column,0.5,privsaf_mixture,matched_train,12,0.4781237985975742,0.04412995722163148,0.0721497678471796,0.027614390117052738,0.03484203939575137,0.004129773796234438,0.17012626262626263,0.08333333333333333,0.075,12,24
air_quality,C6H6(GT),segment_stuck,min_tv_column,1.0,ldp_distribution_surprise,matched_train,12,0.47578617405782975,0.02553208609118224,0.07287400633126458,0.025800820929130056,0.09412291014520852,0.026727129028135826,,,0.075,12,24
air_quality,C6H6(GT),segment_stuck,min_tv_column,1.0,ldp_window_glr,matched_train,12,0.44568869124972926,0.10573173492235437,0.08562134030627412,0.04312541048030046,0.09412291014520852,0.026727129028135826,0.10597222222222223,0.0,0.075,12,24
air_quality,C6H6(GT),segment_stuck,min_tv_column,1.0,privsaf_hmm,matched_train,12,0.30791490686593026,0.0772030030261892,0.05309513687918654,0.018590300650562518,0.09412291014520852,0.026727129028135826,0.1056915011071675,0.0,0.075,12,24
air_quality,C6H6(GT),segment_stuck,min_tv_column,1.0,privsaf_mixture,matched_train,12,0.433514474361057,0.021017660315957632,0.065412179920271,0.022604162604166974,0.09412291014520852,0.026727129028135826,0.29568181818181816,0.0,0.075,12,24
beijing_air,Aotizhongxin PM2.5,segment_stuck,min_tv_column,1.0,ldp_distribution_surprise,matched_train,12,0.4901655735596708,0.027675077797285386,0.07420600804778944,0.02601908984026192,0.08779010972176231,0.023366539905774798,,,0.075,12,24
beijing_air,Aotizhongxin PM2.5,segment_stuck,min_tv_column,1.0,ldp_window_glr,matched_train,12,0.5386589472330517,0.1371376266968561,0.09251001421306272,0.033712412250342376,0.08779010972176231,0.023366539905774798,0.1111111111111111,0.0,0.075,12,24
beijing_air,Aotizhongxin PM2.5,segment_stuck,min_tv_column,1.0,privsaf_hmm,matched_train,12,0.4152436308750271,0.12908046081726893,0.0640953315900538,0.02485266961638904,0.08779010972176231,0.023366539905774798,0.07142792355440152,0.0,0.075,12,24
beijing_air,Aotizhongxin PM2.5,segment_stuck,min_tv_column,1.0,privsaf_mixture,matched_train,12,0.4808774806421919,0.03279585909326423,0.07358895052970373,0.02611245424558386,0.08779010972176231,0.023366539905774798,0.3345959595959596,0.08333333333333333,0.075,12,24
bike_sharing,cnt,segment_stuck,min_tv_column,1.0,ldp_distribution_surprise,matched_train,12,0.4060878445148364,0.028862142236753995,0.062223414562955125,0.021920452141408465,0.10352043784605798,0.029950973393751176,,,0.075,12,24
bike_sharing,cnt,segment_stuck,min_tv_column,1.0,ldp_window_glr,matched_train,12,0.33902456275720166,0.11928137485333938,0.06513867245911366,0.0236392160070389,0.10352043784605798,0.029950973393751176,0.1095138888888889,0.0,0.075,12,24
bike_sharing,cnt,segment_stuck,min_tv_column,1.0,privsaf_hmm,matched_train,12,0.23523747157244965,0.10268348233874044,0.04791678933909437,0.018443459058486007,0.10352043784605798,0.029950973393751176,0.05494085754904066,0.0,0.075,12,24
bike_sharing,cnt,segment_stuck,min_tv_column,1.0,privsaf_mixture,matched_train,12,0.41454219799111974,0.034807538567581675,0.0637446389085728,0.023134330173725997,0.10352043784605798,0.029950973393751176,0.22366161616161617,0.0,0.075,12,24
household_power,Global_active_power hourly sample,segment_stuck,min_tv_column,1.0,ldp_distribution_surprise,matched_train,12,0.4748912984622049,0.023422949151291426,0.07195833971900922,0.026367658788954935,0.08937252626960852,0.025978219953142073,,,0.075,12,24
household_power,Global_active_power hourly sample,segment_stuck,min_tv_column,1.0,ldp_window_glr,matched_train,12,0.5548547318334416,0.15041296620038863,0.11058195836702155,0.03807951120292446,0.08937252626960852,0.025978219953142073,0.12027777777777778,0.0,0.075,12,24
household_power,Global_active_power hourly sample,segment_stuck,min_tv_column,1.0,privsaf_hmm,matched_train,12,0.5041791206411089,0.13454499256474384,0.11682209054294161,0.07816436005146885,0.08937252626960852,0.025978219953142073,0.01570217379748515,0.0,0.075,12,24
household_power,Global_active_power hourly sample,segment_stuck,min_tv_column,1.0,privsaf_mixture,matched_train,12,0.5078017042993286,0.035308162232321194,0.078696547540292,0.02781314060450405,0.08937252626960852,0.025978219953142073,0.08047979797979798,0.16666666666666666,0.075,12,24
nab,value,segment_stuck,min_tv_column,1.0,ldp_distribution_surprise,matched_train,12,0.46408454827268786,0.024543585596583872,0.0715888138452453,0.025068174943937985,0.07919215719736539,0.017926918806133327,,,0.075,12,24
nab,value,segment_stuck,min_tv_column,1.0,ldp_window_glr,matched_train,12,0.41586683723196877,0.06916097241534103,0.07275228020936904,0.026337743934745073,0.07919215719736539,0.017926918806133327,0.109375,0.0,0.075,12,24
nab,value,segment_stuck,min_tv_column,1.0,privsaf_hmm,matched_train,12,0.4634746250270738,0.05875218413514286,0.0669202519852169,0.02480897877791647,0.07919215719736539,0.017926918806133327,0.08040851002205422,0.0,0.075,12,24
nab,value,segment_stuck,min_tv_column,1.0,privsaf_mixture,matched_train,12,0.4706956458468703,0.031591707707180394,0.07153867243837687,0.024099176630897983,0.07919215719736539,0.017926918806133327,0.10042929292929292,0.0,0.075,12,24
air_quality,C6H6(GT),segment_stuck,min_tv_column,2.0,ldp_distribution_surprise,matched_train,12,0.4219478117554689,0.02851303705501119,0.0668921188728007,0.0241656614792887,0.22947695278021815,0.13142334743887946,,,0.075,12,24
air_quality,C6H6(GT),segment_stuck,min_tv_column,2.0,ldp_window_glr,matched_train,12,0.4737876157407408,0.07837087011454671,0.07996478163236329,0.033400646893806285,0.22947695278021815,0.13142334743887946,0.10805555555555556,0.0,0.075,12,24
air_quality,C6H6(GT),segment_stuck,min_tv_column,2.0,privsaf_hmm,matched_train,12,0.3713910547974875,0.07363634831580526,0.05654127638176859,0.021116595290760917,0.22947695278021815,0.13142334743887946,0.1439928315188696,0.0,0.075,12,24
air_quality,C6H6(GT),segment_stuck,min_tv_column,2.0,privsaf_mixture,matched_train,12,0.4410456431394845,0.027009370283496315,0.06634145030514808,0.023076222411749964,0.22947695278021815,0.13142334743887946,0.23353535353535357,0.0,0.075,12,24
beijing_air,Aotizhongxin PM2.5,segment_stuck,min_tv_column,2.0,ldp_distribution_surprise,matched_train,12,0.46943957115009743,0.03027506886502224,0.0733053534667845,0.02645391257767433,0.22642911776097377,0.13468844139391992,,,0.075,12,24
beijing_air,Aotizhongxin PM2.5,segment_stuck,min_tv_column,2.0,ldp_window_glr,matched_train,12,0.48260398053389647,0.12240179197006978,0.08500472361951868,0.037346530903339975,0.22642911776097377,0.13468844139391992,0.1070138888888889,0.0,0.075,12,24
beijing_air,Aotizhongxin PM2.5,segment_stuck,min_tv_column,2.0,privsaf_hmm,matched_train,12,0.349414189408707,0.07325204485947585,0.055131634066977166,0.022019709079465235,0.22642911776097377,0.13468844139391992,0.12017404414983322,0.0,0.075,12,24
beijing_air,Aotizhongxin PM2.5,segment_stuck,min_tv_column,2.0,privsaf_mixture,matched_train,12,0.49516616580030326,0.035808672298385635,0.0761171636139233,0.028162339988822574,0.22642911776097377,0.13468844139391992,0.26606060606060605,0.0,0.075,12,24
bike_sharing,cnt,segment_stuck,min_tv_column,2.0,ldp_distribution_surprise,matched_train,12,0.3072641190166775,0.022085128291573986,0.053241738613162136,0.018647387428158645,0.2553347779058968,0.16200722225669412,,,0.075,12,24
bike_sharing,cnt,segment_stuck,min_tv_column,2.0,ldp_window_glr,matched_train,12,0.3772381957981373,0.13286513272734302,0.06854610097486975,0.02838876344287925,0.2553347779058968,0.16200722225669412,0.12104166666666666,0.0,0.075,12,24
bike_sharing,cnt,segment_stuck,min_tv_column,2.0,privsaf_hmm,matched_train,12,0.20309653860732077,0.08262825135042921,0.045066787390494835,0.016059570476474914,0.2553347779058968,0.16200722225669412,0.054293658152863467,0.0,0.075,12,24
bike_sharing,cnt,segment_stuck,min_tv_column,2.0,privsaf_mixture,matched_train,12,0.30772132878492525,0.025691398071080233,0.0536240468847659,0.018599792304278856,0.2553347779058968,0.16200722225669412,0.15512626262626264,0.0,0.075,12,24
household_power,Global_active_power hourly sample,segment_stuck,min_tv_column,2.0,ldp_distribution_surprise,matched_train,12,0.4192506294671865,0.025819574727968565,0.06586714932473071,0.02366692104066578,0.21367108038317753,0.1221860594519572,,,0.075,12,24
household_power,Global_active_power hourly sample,segment_stuck,min_tv_column,2.0,ldp_window_glr,matched_train,12,0.5107576449805068,0.10247298482993072,0.1284694065327502,0.08444310556149752,0.21367108038317753,0.1221860594519572,0.11902777777777777,0.08333333333333333,0.075,12,24
household_power,Global_active_power hourly sample,segment_stuck,min_tv_column,2.0,privsaf_hmm,matched_train,12,0.5037637061403508,0.2954219040078334,0.1777705903101375,0.21241865297340082,0.21367108038317753,0.1221860594519572,0.0166765491199442,0.25,0.075,12,24
household_power,Global_active_power hourly sample,segment_stuck,min_tv_column,2.0,privsaf_mixture,matched_train,12,0.4663187337556855,0.1042817950635628,0.07441732417377694,0.03533852642897158,0.21367108038317753,0.1221860594519572,0.04262626262626263,0.0,0.075,12,24
nab,value,segment_stuck,min_tv_column,2.0,ldp_distribution_surprise,matched_train,12,0.41691427401451153,0.025757602847413616,0.06518872775724786,0.023453499064657716,0.20021654734957375,0.101661624381285,,,0.075,12,24
nab,value,segment_stuck,min_tv_column,2.0,ldp_window_glr,matched_train,12,0.40299184738466537,0.08042075978598688,0.0635625549824902,0.02158333514693891,0.20021654734957375,0.101661624381285,0.10333333333333332,0.0,0.075,12,24
nab,value,segment_stuck,min_tv_column,2.0,privsaf_hmm,matched_train,12,0.4056218526640676,0.053358390026200145,0.05942177260924652,0.023097128721269372,0.20021654734957375,0.101661624381285,0.07861237090492933,0.0,0.075,12,24
nab,value,segment_stuck,min_tv_column,2.0,privsaf_mixture,matched_train,12,0.454249123483864,0.04278765047014781,0.06960222178379458,0.02472389175653901,0.20021654734957375,0.101661624381285,0.09636363636363636,0.0,0.075,12,24
air_quality,C6H6(GT),segment_stuck,mode_bucket,0.5,ldp_distribution_surprise,matched_train,12,0.4830166538065844,0.028810543356443053,0.07483089809732342,0.025608645850227627,0.05857549345130747,0.012126946588602245,,,0.075,12,24
air_quality,C6H6(GT),segment_stuck,mode_bucket,0.5,ldp_window_glr,matched_train,12,0.507498832439896,0.14447727206085204,0.11718248256286584,0.1099052012909356,0.05857549345130747,0.012126946588602245,0.109375,0.0,0.075,12,24
air_quality,C6H6(GT),segment_stuck,mode_bucket,0.5,privsaf_hmm,matched_train,12,0.49775845381199907,0.13063997186997778,0.08792909158931382,0.060211099614313555,0.05857549345130747,0.012126946588602245,0.034375916046035036,0.0,0.075,12,24
air_quality,C6H6(GT),segment_stuck,mode_bucket,0.5,privsaf_mixture,matched_train,12,0.49820799829434703,0.03094145125749967,0.07463325429972024,0.026037321495192094,0.05857549345130747,0.012126946588602245,0.35724747474747476,0.0,0.075,12,24
beijing_air,Aotizhongxin PM2.5,segment_stuck,mode_bucket,0.5,ldp_distribution_surprise,matched_train,12,0.4928550397985705,0.03339615083183393,0.07694119809766371,0.027247048994049415,0.0618797468622605,0.013748582236120176,,,0.075,12,24
beijing_air,Aotizhongxin PM2.5,segment_stuck,mode_bucket,0.5,ldp_window_glr,matched_train,12,0.5197724442278536,0.1325959499167001,0.12366282871225699,0.08297397255274123,0.0618797468622605,0.013748582236120176,0.11236111111111112,0.0,0.075,12,24
beijing_air,Aotizhongxin PM2.5,segment_stuck,mode_bucket,0.5,privsaf_hmm,matched_train,12,0.4962682410114793,0.1625837824666174,0.10308471077579685,0.09062052464185756,0.0618797468622605,0.013748582236120176,0.021953587083100957,0.25,0.075,12,24
beijing_air,Aotizhongxin PM2.5,segment_stuck,mode_bucket,0.5,privsaf_mixture,matched_train,12,0.5137957209768248,0.0393059356526733,0.07738376955974059,0.02616567430952102,0.0618797468622605,0.013748582236120176,0.4199747474747475,0.08333333333333333,0.075,12,24
bike_sharing,cnt,segment_stuck,mode_bucket,0.5,ldp_distribution_surprise,matched_train,12,0.46369251881633095,0.03010450850834767,0.07178875279983439,0.025655102397042995,0.06761889971653454,0.014690924578016273,,,0.075,12,24
bike_sharing,cnt,segment_stuck,mode_bucket,0.5,ldp_window_glr,matched_train,12,0.464521046539961,0.1283201364685976,0.0845432810797118,0.029003971471068837,0.06761889971653454,0.014690924578016273,0.11763888888888889,0.0,0.075,12,24
bike_sharing,cnt,segment_stuck,mode_bucket,0.5,privsaf_hmm,matched_train,12,0.3784574669698939,0.14671467852963416,0.060548812427069214,0.023774823269541036,0.06761889971653454,0.014690924578016273,0.037968530596860665,0.0,0.075,12,24
bike_sharing,cnt,segment_stuck,mode_bucket,0.5,privsaf_mixture,matched_train,12,0.4495385768626814,0.03307719121151797,0.06810003542587016,0.023694881167915096,0.06761889971653454,0.014690924578016273,0.2039141414141414,0.0,0.075,12,24
household_power,Global_active_power hourly sample,segment_stuck,mode_bucket,0.5,ldp_distribution_surprise,matched_train,12,0.47791379006930906,0.02932483603385456,0.07501169324955259,0.02706071189683287,0.04486512362122149,0.007531073861252009,,,0.075,12,24
household_power,Global_active_power hourly sample,segment_stuck,mode_bucket,0.5,ldp_window_glr,matched_train,12,0.5204042803768681,0.09571195113444081,0.10121662515882014,0.03840626082151339,0.04486512362122149,0.007531073861252009,0.11527777777777777,0.0,0.075,12,24
household_power,Global_active_power hourly sample,segment_stuck,mode_bucket,0.5,privsaf_hmm,matched_train,12,0.5396927794022092,0.12114643185252978,0.09887987588645945,0.05712265149845919,0.04486512362122149,0.007531073861252009,0.01088606416722968,0.0,0.075,12,24
household_power,Global_active_power hourly sample,segment_stuck,mode_bucket,0.5,privsaf_mixture,matched_train,12,0.5044392665692008,0.03348359478253684,0.07845012288614277,0.02637518833469348,0.04486512362122149,0.007531073861252009,0.09113636363636363,0.0,0.075,12,24
nab,value,segment_stuck,mode_bucket,0.5,ldp_distribution_surprise,matched_train,12,0.46857647349469356,0.04265949817659421,0.07083017021271569,0.026190251388909295,0.03688707799894865,0.004015800434845944,,,0.075,12,24
nab,value,segment_stuck,mode_bucket,0.5,ldp_window_glr,matched_train,12,0.3947122048949534,0.12684701972426202,0.07843233798484932,0.03279794598196071,0.03688707799894865,0.004015800434845944,0.10583333333333333,0.0,0.075,12,24
nab,value,segment_stuck,mode_bucket,0.5,privsaf_hmm,matched_train,12,0.4362416071041802,0.07978252439864726,0.06931772630056457,0.026500040379187753,0.03688707799894865,0.004015800434845944,0.02435880681760744,0.0,0.075,12,24
nab,value,segment_stuck,mode_bucket,0.5,privsaf_mixture,matched_train,12,0.47708314720056316,0.038619091011822045,0.0720365450392496,0.02809530523070244,0.03688707799894865,0.004015800434845944,0.15686868686868685,0.0,0.075,12,24
air_quality,C6H6(GT),segment_stuck,mode_bucket,1.0,ldp_distribution_surprise,matched_train,12,0.48352362870911847,0.02416819872839988,0.07398812977181461,0.027287171575902748,0.1275904650219625,0.05311981848468269,,,0.075,12,24
air_quality,C6H6(GT),segment_stuck,mode_bucket,1.0,ldp_window_glr,matched_train,12,0.5174718601093784,0.1117764288652726,0.10364801775487686,0.03908942848678697,0.1275904650219625,0.05311981848468269,0.10645833333333332,0.16666666666666666,0.075,12,24
air_quality,C6H6(GT),segment_stuck,mode_bucket,1.0,privsaf_hmm,matched_train,12,0.517397999241932,0.06834121711573357,0.11449484308773249,0.07059758286726776,0.1275904650219625,0.05311981848468269,0.12808380061006028,0.0,0.075,12,24
air_quality,C6H6(GT),segment_stuck,mode_bucket,1.0,privsaf_mixture,matched_train,12,0.5185820743989603,0.028327631368694237,0.08070691959715232,0.02674581903674653,0.1275904650219625,0.05311981848468269,0.3566666666666667,0.4166666666666667,0.075,12,24
beijing_air,Aotizhongxin PM2.5,segment_stuck,mode_bucket,1.0,ldp_distribution_surprise,matched_train,12,0.5016747719027507,0.027595287882652923,0.07717025369397927,0.02790503723890805,0.13540145451521945,0.058927910105371274,,,0.075,12,24
beijing_air,Aotizhongxin PM2.5,segment_stuck,mode_bucket,1.0,ldp_window_glr,matched_train,12,0.5329729633690709,0.09631804698242644,0.09267106589392825,0.03294484178852468,0.13540145451521945,0.058927910105371274,0.111875,0.6666666666666666,0.075,12,24
beijing_air,Aotizhongxin PM2.5,segment_stuck,mode_bucket,1.0,privsaf_hmm,matched_train,12,0.5529050925925926,0.1550146934307042,0.10234216799137903,0.05129940106690138,0.13540145451521945,0.058927910105371274,0.09283877213209686,0.5,0.075,12,24
beijing_air,Aotizhongxin PM2.5,segment_stuck,mode_bucket,1.0,privsaf_mixture,matched_train,12,0.5198927367608837,0.0470899929676316,0.08355499332703427,0.030171318823249867,0.13540145451521945,0.058927910105371274,0.33575757575757575,0.25,0.075,12,24
bike_sharing,cnt,segment_stuck,mode_bucket,1.0,ldp_distribution_surprise,matched_train,12,0.42314599916071044,0.02795967652310684,0.0646006369233059,0.023386401666253602,0.14596253759752226,0.061900709668686854,,,0.075,12,24
bike_sharing,cnt,segment_stuck,mode_bucket,1.0,ldp_window_glr,matched_train,12,0.32687752125297814,0.11347261315075913,0.062097890348589584,0.018536874853195346,0.14596253759752226,0.061900709668686854,0.11152777777777777,0.0,0.075,12,24
bike_sharing,cnt,segment_stuck,mode_bucket,1.0,privsaf_hmm,matched_train,12,0.21183144493177386,0.0988178035285586,0.046504316216934315,0.017757639976776287,0.14596253759752226,0.061900709668686854,0.05546763789244737,0.0,0.075,12,24
bike_sharing,cnt,segment_stuck,mode_bucket,1.0,privsaf_mixture,matched_train,12,0.4138050445364956,0.030662565997609623,0.06339623888424464,0.022077067718361622,0.14596253759752226,0.061900709668686854,0.20391414141414144,0.0,0.075,12,24
household_power,Global_active_power hourly sample,segment_stuck,mode_bucket,1.0,ldp_distribution_surprise,matched_train,12,0.4729032143437297,0.029160393245175237,0.07228958989142915,0.026090399587249142,0.10314411736350322,0.033877060354007775,,,0.075,12,24
household_power,Global_active_power hourly sample,segment_stuck,mode_bucket,1.0,ldp_window_glr,matched_train,12,0.5027344257634828,0.12859668851404477,0.1007929570381681,0.0375982418274798,0.10314411736350322,0.033877060354007775,0.11548611111111112,0.0,0.075,12,24
household_power,Global_active_power hourly sample,segment_stuck,mode_bucket,1.0,privsaf_hmm,matched_train,12,0.4775924572233052,0.15312918279875914,0.11022008319984271,0.08197223841007295,0.10314411736350322,0.033877060354007775,0.016617900087085278,0.16666666666666666,0.075,12,24
household_power,Global_active_power hourly sample,segment_stuck,mode_bucket,1.0,privsaf_mixture,matched_train,12,0.4883890208739441,0.04221513200644341,0.07662909212192719,0.030152524189196814,0.10314411736350322,0.033877060354007775,0.07563131313131313,0.08333333333333333,0.075,12,24
nab,value,segment_stuck,mode_bucket,1.0,ldp_distribution_surprise,matched_train,12,0.46408454827268786,0.024543585596583872,0.0715888138452453,0.025068174943937985,0.07919215719736539,0.017926918806133327,,,0.075,12,24
nab,value,segment_stuck,mode_bucket,1.0,ldp_window_glr,matched_train,12,0.41586683723196877,0.06916097241534103,0.07275228020936904,0.026337743934745073,0.07919215719736539,0.017926918806133327,0.109375,0.0,0.075,12,24
nab,value,segment_stuck,mode_bucket,1.0,privsaf_hmm,matched_train,12,0.4634746250270738,0.05875218413514286,0.0669202519852169,0.02480897877791647,0.07919215719736539,0.017926918806133327,0.08040851002205422,0.0,0.075,12,24
nab,value,segment_stuck,mode_bucket,1.0,privsaf_mixture,matched_train,12,0.4706956458468703,0.031591707707180394,0.07153867243837687,0.024099176630897983,0.07919215719736539,0.017926918806133327,0.10042929292929292,0.0,0.075,12,24
air_quality,C6H6(GT),segment_stuck,mode_bucket,2.0,ldp_distribution_surprise,matched_train,12,0.48402097547108514,0.02806872735747551,0.07484341009215628,0.02711851640433256,0.2889604942701924,0.23031091866028222,,,0.075,12,24
air_quality,C6H6(GT),segment_stuck,mode_bucket,2.0,ldp_window_glr,matched_train,12,0.6676856082142084,0.1182640846919892,0.16186998819945622,0.09182849464584568,0.2889604942701924,0.23031091866028222,0.10534722222222222,0.3333333333333333,0.075,12,24
air_quality,C6H6(GT),segment_stuck,mode_bucket,2.0,privsaf_hmm,matched_train,12,0.7188525083928958,0.11541151539999528,0.15723204120901355,0.10246336786167942,0.2889604942701924,0.23031091866028222,0.20818986573849385,0.3333333333333333,0.075,12,24
air_quality,C6H6(GT),segment_stuck,mode_bucket,2.0,privsaf_mixture,matched_train,12,0.6119757147498376,0.026046213256346006,0.1065336598667444,0.03890534873724057,0.2889604942701924,0.23031091866028222,0.3020707070707071,0.5833333333333334,0.075,12,24
beijing_air,Aotizhongxin PM2.5,segment_stuck,mode_bucket,2.0,ldp_distribution_surprise,matched_train,12,0.5331733606779293,0.032050903172025476,0.08572380141030132,0.030667362641975317,0.30887351924906853,0.26734022347739217,,,0.075,12,24
beijing_air,Aotizhongxin PM2.5,segment_stuck,mode_bucket,2.0,ldp_window_glr,matched_train,12,0.5216667851147931,0.14675235402923778,0.09556782574069363,0.04168379146499139,0.30887351924906853,0.26734022347739217,0.1017361111111111,0.8333333333333334,0.075,12,24
beijing_air,Aotizhongxin PM2.5,segment_stuck,mode_bucket,2.0,privsaf_hmm,matched_train,12,0.7308759069742257,0.10203405735602211,0.1450766069267546,0.08129788314760034,0.30887351924906853,0.26734022347739217,0.1632948149175775,0.5,0.075,12,24
beijing_air,Aotizhongxin PM2.5,segment_stuck,mode_bucket,2.0,privsaf_mixture,matched_train,12,0.5370791368854234,0.05653194036884261,0.09378828775312821,0.04286523503005357,0.30887351924906853,0.26734022347739217,0.2532828282828283,0.0,0.075,12,24
bike_sharing,cnt,segment_stuck,mode_bucket,2.0,ldp_distribution_surprise,matched_train,12,0.3598899955328135,0.02000529599646824,0.057547667864969045,0.020211852131409386,0.3221537638861251,0.2670002142807477,,,0.075,12,24
bike_sharing,cnt,segment_stuck,mode_bucket,2.0,ldp_window_glr,matched_train,12,0.5286488622211393,0.1697807676649784,0.14754828860919258,0.15091825629454278,0.3221537638861251,0.2670002142807477,0.11902777777777777,0.08333333333333333,0.075,12,24
bike_sharing,cnt,segment_stuck,mode_bucket,2.0,privsaf_hmm,matched_train,12,0.21646324047000218,0.07013137224200286,0.04563743941429441,0.016377449642949713,0.3221537638861251,0.2670002142807477,0.05396675139720961,0.0,0.075,12,24
bike_sharing,cnt,segment_stuck,mode_bucket,2.0,privsaf_mixture,matched_train,12,0.35804914243556424,0.023208928726930887,0.057221774795267515,0.01986686075092763,0.3221537638861251,0.2670002142807477,0.16035353535353536,0.0,0.075,12,24
household_power,Global_active_power hourly sample,segment_stuck,mode_bucket,2.0,ldp_distribution_surprise,matched_train,12,0.4208274278481698,0.027391462612777306,0.06609041008877924,0.02365762584186157,0.22680718170522773,0.13994706983695043,,,0.075,12,24
household_power,Global_active_power hourly sample,segment_stuck,mode_bucket,2.0,ldp_window_glr,matched_train,12,0.5297504636398094,0.13160281248669942,0.12979646505452955,0.08913363844997343,0.22680718170522773,0.13994706983695043,0.11972222222222222,0.16666666666666666,0.075,12,24
household_power,Global_active_power hourly sample,segment_stuck,mode_bucket,2.0,privsaf_hmm,matched_train,12,0.434087069525666,0.30653914543075916,0.13212188090215363,0.16551032170745825,0.22680718170522773,0.13994706983695043,0.016784227625070387,0.25,0.075,12,24
household_power,Global_active_power hourly sample,segment_stuck,mode_bucket,2.0,privsaf_mixture,matched_train,12,0.4368188386668832,0.09984096984439712,0.07045311526447257,0.03859293257989768,0.22680718170522773,0.13994706983695043,0.04310606060606061,0.0,0.075,12,24
nab,value,segment_stuck,mode_bucket,2.0,ldp_distribution_surprise,matched_train,12,0.4129595956519385,0.025350309639834936,0.06503470673123597,0.02358394612678449,0.20459751871671508,0.10755589407251802,,,0.075,12,24
nab,value,segment_stuck,mode_bucket,2.0,ldp_window_glr,matched_train,12,0.39378010274528913,0.06953670603059242,0.06274533902562564,0.020719456116464266,0.20459751871671508,0.10755589407251802,0.10340277777777777,0.0,0.075,12,24
nab,value,segment_stuck,mode_bucket,2.0,privsaf_hmm,matched_train,12,0.3963736936863764,0.052071269748719055,0.0586571115047283,0.023246426582370455,0.20459751871671508,0.10755589407251802,0.07864992940555084,0.0,0.075,12,24
nab,value,segment_stuck,mode_bucket,2.0,privsaf_mixture,matched_train,12,0.4215516535358457,0.03360414085960863,0.0659474715635786,0.022726102829219077,0.20459751871671508,0.10755589407251802,0.0830050505050505,0.0,0.075,12,24
air_quality,C6H6(GT),segment_stuck_distribution_shift,median,0.5,ldp_distribution_surprise,shifted_validation,12,0.4747663695310808,0.029399278379577762,0.0733808834084277,0.025486374202337157,0.04960673059035534,0.006942357829315034,,,0.075,12,24
air_quality,C6H6(GT),segment_stuck_distribution_shift,median,0.5,ldp_window_glr,shifted_validation,12,0.4903865639213775,0.06372096396505736,0.08827607591091052,0.03649178676060146,0.04960673059035534,0.006942357829315034,0.11152777777777778,0.0,0.075,12,24
air_quality,C6H6(GT),segment_stuck_distribution_shift,median,0.5,privsaf_hmm,shifted_validation,12,0.40410043724279837,0.14712751444016067,0.06513612569737896,0.023208145342943732,0.04960673059035534,0.006942357829315034,0.031257492741991875,0.0,0.075,12,24
air_quality,C6H6(GT),segment_stuck_distribution_shift,median,0.5,privsaf_mixture,shifted_validation,12,0.4686190809779078,0.026861676725935636,0.06970086284649313,0.02457081300015277,0.04960673059035534,0.006942357829315034,0.3351767676767677,0.0,0.075,12,24
beijing_air,Aotizhongxin PM2.5,segment_stuck_distribution_shift,median,0.5,ldp_distribution_surprise,shifted_validation,12,0.49532336338531513,0.03464326121997591,0.07710753999979168,0.026583686547542663,0.0489565999686765,0.007184458479949005,,,0.075,12,24
beijing_air,Aotizhongxin PM2.5,segment_stuck_distribution_shift,median,0.5,ldp_window_glr,shifted_validation,12,0.5871173110244747,0.15778420643763638,0.1479643216032869,0.08895415311236914,0.0489565999686765,0.007184458479949005,0.11138888888888888,0.0,0.075,12,24
beijing_air,Aotizhongxin PM2.5,segment_stuck_distribution_shift,median,0.5,privsaf_hmm,shifted_validation,12,0.44272488222872,0.15688872237869375,0.07593750140968829,0.041202541921896645,0.0489565999686765,0.007184458479949005,0.012119706346772988,0.0,0.075,12,24
beijing_air,Aotizhongxin PM2.5,segment_stuck_distribution_shift,median,0.5,privsaf_mixture,shifted_validation,12,0.48709761479315566,0.028369222221077576,0.07523283248042148,0.025329741255362113,0.0489565999686765,0.007184458479949005,0.287550505050505,0.0,0.075,12,24
bike_sharing,cnt,segment_stuck_distribution_shift,median,0.5,ldp_distribution_surprise,shifted_validation,12,0.46668585526315787,0.032658374358139806,0.07150739311847162,0.02518515902793095,0.08657745559331403,0.018398190279057855,,,0.075,12,24
bike_sharing,cnt,segment_stuck_distribution_shift,median,0.5,ldp_window_glr,shifted_validation,12,0.5811000446718648,0.15282840618615656,0.15246027922241157,0.12785071167822007,0.08657745559331403,0.018398190279057855,0.09999999999999999,0.0,0.075,12,24
bike_sharing,cnt,segment_stuck_distribution_shift,median,0.5,privsaf_hmm,shifted_validation,12,0.5191720475958415,0.17225265081190302,0.1160078578895049,0.10272919836862539,0.08657745559331403,0.018398190279057855,0.0141187613804198,0.0,0.075,12,24
bike_sharing,cnt,segment_stuck_distribution_shift,median,0.5,privsaf_mixture,shifted_validation,12,0.502104958576998,0.04958318348275922,0.07731567038608876,0.026498607125448426,0.08657745559331403,0.018398190279057855,0.14234848484848486,0.0,0.075,12,24
household_power,Global_active_power hourly sample,segment_stuck_distribution_shift,median,0.5,ldp_distribution_surprise,shifted_validation,12,0.4858532664609054,0.024757812267263497,0.07562937015205429,0.02662387637219535,0.040931505504194256,0.00631866079902375,,,0.075,12,24
household_power,Global_active_power hourly sample,segment_stuck_distribution_shift,median,0.5,ldp_window_glr,shifted_validation,12,0.5343877077918562,0.057443308095115546,0.11118094134279945,0.04744092755846784,0.040931505504194256,0.00631866079902375,0.10743055555555554,0.0,0.075,12,24
household_power,Global_active_power hourly sample,segment_stuck_distribution_shift,median,0.5,privsaf_hmm,shifted_validation,12,0.5528355127788607,0.12763251422651162,0.12001276217008439,0.0917070179731925,0.040931505504194256,0.00631866079902375,0.011533782702528805,0.0,0.075,12,24
household_power,Global_active_power hourly sample,segment_stuck_distribution_shift,median,0.5,privsaf_mixture,shifted_validation,12,0.49893965237167,0.030780592742376323,0.07584200237438764,0.02612233478648987,0.040931505504194256,0.00631866079902375,0.0981060606060606,0.08333333333333333,0.075,12,24
nab,value,segment_stuck_distribution_shift,median,0.5,ldp_distribution_surprise,shifted_validation,12,0.4815070493556422,0.038285058068096324,0.07207284295793848,0.02638632563387198,0.04920790762447794,0.008407162517247942,,,0.075,12,24
nab,value,segment_stuck_distribution_shift,median,0.5,ldp_window_glr,shifted_validation,12,0.48330954218107,0.18348918972897435,0.09767310171998388,0.04975174186372131,0.04920790762447794,0.008407162517247942,0.10916666666666668,0.0,0.075,12,24
nab,value,segment_stuck_distribution_shift,median,0.5,privsaf_hmm,shifted_validation,12,0.5200856887589344,0.11457225650612302,0.09765548865567968,0.0487364838171718,0.04920790762447794,0.008407162517247942,0.037334743616983655,0.0,0.075,12,24
nab,value,segment_stuck_distribution_shift,median,0.5,privsaf_mixture,shifted_validation,12,0.5291905424247346,0.021329129057379135,0.08262966213354936,0.027895134942857946,0.04920790762447794,0.008407162517247942,0.30962121212121213,0.08333333333333333,0.075,12,24
air_quality,C6H6(GT),segment_stuck_distribution_shift,median,1.0,ldp_distribution_surprise,shifted_validation,12,0.46917289365388776,0.027684723720765768,0.07173763427297059,0.025563122589823854,0.10945847727858367,0.031403627900658426,,,0.075,12,24
air_quality,C6H6(GT),segment_stuck_distribution_shift,median,1.0,ldp_window_glr,shifted_validation,12,0.4755935266406757,0.09250991615811989,0.08542615620123135,0.03420522507143041,0.10945847727858367,0.031403627900658426,0.11236111111111112,0.0,0.075,12,24
air_quality,C6H6(GT),segment_stuck_distribution_shift,median,1.0,privsaf_hmm,shifted_validation,12,0.3505535250162443,0.06428876721291531,0.05777659642409666,0.01910208858530331,0.10945847727858367,0.031403627900658426,0.11491072806127282,0.0,0.075,12,24
air_quality,C6H6(GT),segment_stuck_distribution_shift,median,1.0,privsaf_mixture,shifted_validation,12,0.4494293846112194,0.015768316493107934,0.06709554979155351,0.023634699037485274,0.10945847727858367,0.031403627900658426,0.31252525252525254,0.0,0.075,12,24
beijing_air,Aotizhongxin PM2.5,segment_stuck_distribution_shift,median,1.0,ldp_distribution_surprise,shifted_validation,12,0.49581087895278325,0.029772545223783642,0.0750787443400569,0.026373377664584922,0.09841729717435549,0.028436908580546497,,,0.075,12,24
beijing_air,Aotizhongxin PM2.5,segment_stuck_distribution_shift,median,1.0,ldp_window_glr,shifted_validation,12,0.5840512643491444,0.14225037453609748,0.12490710925554105,0.05588358562611745,0.09841729717435549,0.028436908580546497,0.10291666666666666,0.0,0.075,12,24
beijing_air,Aotizhongxin PM2.5,segment_stuck_distribution_shift,median,1.0,privsaf_hmm,shifted_validation,12,0.4783904591726229,0.15287982437549277,0.07768819231664438,0.03723210957429382,0.09841729717435549,0.028436908580546497,0.046664456625014526,0.0,0.075,12,24
beijing_air,Aotizhongxin PM2.5,segment_stuck_distribution_shift,median,1.0,privsaf_mixture,shifted_validation,12,0.4894250020305393,0.037149061821645395,0.07711601927143343,0.030156750553853817,0.09841729717435549,0.028436908580546497,0.2916161616161616,0.16666666666666666,0.075,12,24
bike_sharing,cnt,segment_stuck_distribution_shift,median,1.0,ldp_distribution_surprise,shifted_validation,12,0.43630404618800084,0.021181060654054285,0.06712876170383705,0.02379263042889084,0.19171062384877122,0.08022474870680732,,,0.075,12,24
bike_sharing,cnt,segment_stuck_distribution_shift,median,1.0,ldp_window_glr,shifted_validation,12,0.6180444891163093,0.15616553068516728,0.2031160682028745,0.1613950232727214,0.19171062384877122,0.08022474870680732,0.11493055555555555,0.08333333333333333,0.075,12,24
bike_sharing,cnt,segment_stuck_distribution_shift,median,1.0,privsaf_hmm,shifted_validation,12,0.5410971342321854,0.2804970336393978,0.22829849335409977,0.2102771430617439,0.19171062384877122,0.08022474870680732,0.01535664645674853,0.16666666666666666,0.075,12,24
bike_sharing,cnt,segment_stuck_distribution_shift,median,1.0,privsaf_mixture,shifted_validation,12,0.4634457913688543,0.07423936793685693,0.07256849919403506,0.0289322232215092,0.19171062384877122,0.08022474870680732,0.03952020202020202,0.16666666666666666,0.075,12,24
household_power,Global_active_power hourly sample,segment_stuck_distribution_shift,median,1.0,ldp_distribution_surprise,shifted_validation,12,0.4738085302956465,0.024781501607208642,0.0715964920837702,0.02593652811551175,0.08492535511285944,0.024391622174370662,,,0.075,12,24
household_power,Global_active_power hourly sample,segment_stuck_distribution_shift,median,1.0,ldp_window_glr,shifted_validation,12,0.5412353124323154,0.13440358196327978,0.10304475276939647,0.03989577901286713,0.08492535511285944,0.024391622174370662,0.11118055555555556,0.0,0.075,12,24
household_power,Global_active_power hourly sample,segment_stuck_distribution_shift,median,1.0,privsaf_hmm,shifted_validation,12,0.5073278102664068,0.14960050065356992,0.11977594813326854,0.08870937479795607,0.08492535511285944,0.024391622174370662,0.014043755514702307,0.0,0.075,12,24
household_power,Global_active_power hourly sample,segment_stuck_distribution_shift,median,1.0,privsaf_mixture,shifted_validation,12,0.5013319830246913,0.034687352297044255,0.07791445033200838,0.031094427933828002,0.08492535511285944,0.024391622174370662,0.07022727272727272,0.16666666666666666,0.075,12,24
nab,value,segment_stuck_distribution_shift,median,1.0,ldp_distribution_surprise,shifted_validation,12,0.4608133155999567,0.030492395196465755,0.0697304813077319,0.02439762482474689,0.11479589736840129,0.03622290764452081,,,0.075,12,24
nab,value,segment_stuck_distribution_shift,median,1.0,ldp_window_glr,shifted_validation,12,0.4450331147119342,0.08372533457052865,0.07368089072964122,0.024941422198547614,0.11479589736840129,0.03622290764452081,0.10680555555555554,0.0,0.075,12,24
nab,value,segment_stuck_distribution_shift,median,1.0,privsaf_hmm,shifted_validation,12,0.4582201646090535,0.05344013181204927,0.0652447904577027,0.022860703459615484,0.11479589736840129,0.03622290764452081,0.1898174404904773,0.0,0.075,12,24
nab,value,segment_stuck_distribution_shift,median,1.0,privsaf_mixture,shifted_validation,12,0.5041574107916396,0.025331688074474622,0.07562690419570335,0.024667370035210592,0.11479589736840129,0.03622290764452081,0.3433080808080808,0.0,0.075,12,24
air_quality,C6H6(GT),segment_stuck_distribution_shift,median,2.0,ldp_distribution_surprise,shifted_validation,12,0.42222821231319035,0.030856468751782003,0.0667296007113451,0.023884238761992707,0.2650482966960171,0.17133494384107148,,,0.075,12,24
air_quality,C6H6(GT),segment_stuck_distribution_shift,median,2.0,ldp_window_glr,shifted_validation,12,0.4892744375406108,0.09710090271708934,0.08105308618070738,0.037202017072531186,0.2650482966960171,0.17133494384107148,0.10375,0.0,0.075,12,24
air_quality,C6H6(GT),segment_stuck_distribution_shift,median,2.0,privsaf_hmm,shifted_validation,12,0.32099509963179557,0.08095207468111841,0.05251857933970217,0.01998959039709738,0.2650482966960171,0.17133494384107148,0.14610808594442842,0.0,0.075,12,24
air_quality,C6H6(GT),segment_stuck_distribution_shift,median,2.0,privsaf_mixture,shifted_validation,12,0.4115978990686593,0.020831806141834493,0.061902812920075996,0.021402136018665533,0.2650482966960171,0.17133494384107148,0.23585858585858585,0.0,0.075,12,24
beijing_air,Aotizhongxin PM2.5,segment_stuck_distribution_shift,median,2.0,ldp_distribution_surprise,shifted_validation,12,0.48749834172622913,0.02745474561370875,0.07574495006916891,0.027220608015706912,0.24955863241140364,0.16313321192357655,,,0.075,12,24
beijing_air,Aotizhongxin PM2.5,segment_stuck_distribution_shift,median,2.0,ldp_window_glr,shifted_validation,12,0.5481081972871994,0.08711894706975946,0.1050052652404409,0.05286909207159567,0.24955863241140364,0.16313321192357655,0.11743055555555555,0.0,0.075,12,24
beijing_air,Aotizhongxin PM2.5,segment_stuck_distribution_shift,median,2.0,privsaf_hmm,shifted_validation,12,0.672456884881958,0.12043091995612622,0.1563639957136058,0.11227171379491677,0.24955863241140364,0.16313321192357655,0.13480382952354025,0.08333333333333333,0.075,12,24
beijing_air,Aotizhongxin PM2.5,segment_stuck_distribution_shift,median,2.0,privsaf_mixture,shifted_validation,12,0.5778659708685293,0.02651697796139393,0.09517594386113992,0.03416636092421362,0.24955863241140364,0.16313321192357655,0.2753535353535354,0.4166666666666667,0.075,12,24
bike_sharing,cnt,segment_stuck_distribution_shift,median,2.0,ldp_distribution_surprise,shifted_validation,12,0.3479083245343297,0.02223670881283027,0.05871384920857505,0.02075912127402396,0.37639194432831546,0.3211603799738596,,,0.075,12,24
bike_sharing,cnt,segment_stuck_distribution_shift,median,2.0,ldp_window_glr,shifted_validation,12,0.7809434562486463,0.1499628330702613,0.3026991708805892,0.17670317640085675,0.37639194432831546,0.3211603799738596,0.12222222222222223,0.4166666666666667,0.075,12,24
bike_sharing,cnt,segment_stuck_distribution_shift,median,2.0,privsaf_hmm,shifted_validation,12,0.7207753614359974,0.339707942722322,0.48510525647178704,0.36208913434557427,0.37639194432831546,0.3211603799738596,0.018248146468950854,0.5,0.075,12,24
bike_sharing,cnt,segment_stuck_distribution_shift,median,2.0,privsaf_mixture,shifted_validation,12,0.5155219332087936,0.17426773432091278,0.09697908586593668,0.056924966646258714,0.37639194432831546,0.3211603799738596,0.03118686868686869,0.08333333333333333,0.075,12,24
household_power,Global_active_power hourly sample,segment_stuck_distribution_shift,median,2.0,ldp_distribution_surprise,shifted_validation,12,0.42022388388022525,0.026234942774726242,0.0656970354373377,0.02316309563701208,0.2024833939808147,0.11728172057540968,,,0.075,12,24
household_power,Global_active_power hourly sample,segment_stuck_distribution_shift,median,2.0,ldp_window_glr,shifted_validation,12,0.48934581099740093,0.11272266964453613,0.11907828472536003,0.08282684822219266,0.2024833939808147,0.11728172057540968,0.11826388888888889,0.08333333333333333,0.075,12,24
household_power,Global_active_power hourly sample,segment_stuck_distribution_shift,median,2.0,privsaf_hmm,shifted_validation,12,0.46078629250595626,0.2753450644508509,0.1748931931883304,0.2373377585752271,0.2024833939808147,0.11728172057540968,0.01659153064098273,0.25,0.075,12,24
household_power,Global_active_power hourly sample,segment_stuck_distribution_shift,median,2.0,privsaf_mixture,shifted_validation,12,0.45518066723521766,0.09122326467776477,0.07476773474710101,0.043495173152263714,0.2024833939808147,0.11728172057540968,0.029267676767676765,0.08333333333333333,0.075,12,24
nab,value,segment_stuck_distribution_shift,median,2.0,ldp_distribution_surprise,shifted_validation,12,0.37824206059129306,0.03129616296342258,0.05982205931665715,0.020998837499712646,0.25502492081656597,0.1611639498831775,,,0.075,12,24
nab,value,segment_stuck_distribution_shift,median,2.0,ldp_window_glr,shifted_validation,12,0.3697012907461555,0.07830578284222253,0.05987333104107245,0.018659059751165687,0.25502492081656597,0.1611639498831775,0.10902777777777778,0.0,0.075,12,24
nab,value,segment_stuck_distribution_shift,median,2.0,privsaf_hmm,shifted_validation,12,0.4056307531947152,0.07222090213661275,0.05958142336174447,0.020728100480699823,0.25502492081656597,0.1611639498831775,0.2902726273843101,0.0,0.075,12,24
nab,value,segment_stuck_distribution_shift,median,2.0,privsaf_mixture,shifted_validation,12,0.4428106048299762,0.02943283185306286,0.06796724728767746,0.022720464806400477,0.25502492081656597,0.1611639498831775,0.30962121212121213,0.0,0.075,12,24
air_quality,C6H6(GT),segment_stuck_distribution_shift,min_tv_column,0.5,ldp_distribution_surprise,shifted_validation,12,0.4778696258392896,0.032178617675524025,0.07435221564911078,0.02571841446755958,0.047725131708605956,0.006862421785051306,,,0.075,12,24
air_quality,C6H6(GT),segment_stuck_distribution_shift,min_tv_column,0.5,ldp_window_glr,shifted_validation,12,0.4996254501028807,0.10450990619162662,0.09305285979228178,0.0402449179827537,0.047725131708605956,0.006862421785051306,0.11597222222222221,0.0,0.075,12,24
air_quality,C6H6(GT),segment_stuck_distribution_shift,min_tv_column,0.5,privsaf_hmm,shifted_validation,12,0.4072898053389647,0.15995456577373374,0.06522509200162248,0.024459812097028088,0.047725131708605956,0.006862421785051306,0.031547108388151814,0.0,0.075,12,24
air_quality,C6H6(GT),segment_stuck_distribution_shift,min_tv_column,0.5,privsaf_mixture,shifted_validation,12,0.4667494788282434,0.03448630299176198,0.06873135834865092,0.023561172578205475,0.047725131708605956,0.006862421785051306,0.31717171717171716,0.0,0.075,12,24
beijing_air,Aotizhongxin PM2.5,segment_stuck_distribution_shift,min_tv_column,0.5,ldp_distribution_surprise,shifted_validation,12,0.49299910656270307,0.03593966247992986,0.07701733670320939,0.02614617004042875,0.04314836360198048,0.005363183075103781,,,0.075,12,24
beijing_air,Aotizhongxin PM2.5,segment_stuck_distribution_shift,min_tv_column,0.5,ldp_window_glr,shifted_validation,12,0.5770774786116526,0.1290253335499614,0.1393943483716852,0.07751007700127796,0.04314836360198048,0.005363183075103781,0.10909722222222223,0.0,0.075,12,24
beijing_air,Aotizhongxin PM2.5,segment_stuck_distribution_shift,min_tv_column,0.5,privsaf_hmm,shifted_validation,12,0.4544058641975309,0.16377439890839493,0.0763397834351012,0.03957577527239965,0.04314836360198048,0.005363183075103781,0.012846778602620334,0.0,0.075,12,24
beijing_air,Aotizhongxin PM2.5,segment_stuck_distribution_shift,min_tv_column,0.5,privsaf_mixture,shifted_validation,12,0.487732530593459,0.027688162798162278,0.07417016443532415,0.02545791504569639,0.04314836360198048,0.005363183075103781,0.2979040404040404,0.0,0.075,12,24
bike_sharing,cnt,segment_stuck_distribution_shift,min_tv_column,0.5,ldp_distribution_surprise,shifted_validation,12,0.47582206384015596,0.029514501276542215,0.07292632178546249,0.02508895873793257,0.09258765365667028,0.020959932400035367,,,0.075,12,24
bike_sharing,cnt,segment_stuck_distribution_shift,min_tv_column,0.5,ldp_window_glr,shifted_validation,12,0.5800269723305177,0.15106841276626962,0.15026583576801716,0.13284512091568862,0.09258765365667028,0.020959932400035367,0.10097222222222223,0.0,0.075,12,24
bike_sharing,cnt,segment_stuck_distribution_shift,min_tv_column,0.5,privsaf_hmm,shifted_validation,12,0.5393433235867446,0.1650120593076607,0.11473611111656311,0.09462050393123587,0.09258765365667028,0.020959932400035367,0.01558548571922286,0.0,0.075,12,24
bike_sharing,cnt,segment_stuck_distribution_shift,min_tv_column,0.5,privsaf_mixture,shifted_validation,12,0.5163545389322071,0.039871675348434846,0.07847945028408483,0.026142727613060208,0.09258765365667028,0.020959932400035367,0.14234848484848486,0.0,0.075,12,24
household_power,Global_active_power hourly sample,segment_stuck_distribution_shift,min_tv_column,0.5,ldp_distribution_surprise,shifted_validation,12,0.48655776207494045,0.028457245441280695,0.07566173649858036,0.025737063334192043,0.03578068816125176,0.005040471343660213,,,0.075,12,24
household_power,Global_active_power hourly sample,segment_stuck_distribution_shift,min_tv_column,0.5,ldp_window_glr,shifted_validation,12,0.5320474604721681,0.0978236783185459,0.11148243323616407,0.045572069192858555,0.03578068816125176,0.005040471343660213,0.11069444444444444,0.0,0.075,12,24
household_power,Global_active_power hourly sample,segment_stuck_distribution_shift,min_tv_column,0.5,privsaf_hmm,shifted_validation,12,0.5557741431124107,0.10874923514393735,0.12090828886687714,0.10278810625494053,0.03578068816125176,0.005040471343660213,0.012104214663225513,0.0,0.075,12,24
household_power,Global_active_power hourly sample,segment_stuck_distribution_shift,min_tv_column,0.5,privsaf_mixture,shifted_validation,12,0.5059422717673815,0.02977735684833973,0.07848932315558814,0.02819000949814503,0.03578068816125176,0.005040471343660213,0.0982070707070707,0.0,0.075,12,24
nab,value,segment_stuck_distribution_shift,min_tv_column,0.5,ldp_distribution_surprise,shifted_validation,12,0.47775420660060647,0.03817787437982531,0.07193105913858962,0.027102402316231046,0.0471538206725505,0.006447152063796726,,,0.075,12,24
nab,value,segment_stuck_distribution_shift,min_tv_column,0.5,ldp_window_glr,shifted_validation,12,0.4662664812107429,0.19324725177155552,0.09514146389066952,0.053521900797302034,0.0471538206725505,0.006447152063796726,0.111875,0.0,0.075,12,24
nab,value,segment_stuck_distribution_shift,min_tv_column,0.5,privsaf_hmm,shifted_validation,12,0.49924761750054153,0.11655037593383698,0.0963347584871564,0.06750370462452875,0.0471538206725505,0.006447152063796726,0.03489833085573949,0.0,0.075,12,24
nab,value,segment_stuck_distribution_shift,min_tv_column,0.5,privsaf_mixture,shifted_validation,12,0.5222442028102664,0.022278302727185874,0.0797783887169529,0.026897745783781186,0.0471538206725505,0.006447152063796726,0.3078787878787879,0.08333333333333333,0.075,12,24
air_quality,C6H6(GT),segment_stuck_distribution_shift,min_tv_column,1.0,ldp_distribution_surprise,shifted_validation,12,0.47578617405782975,0.02553208609118224,0.07287400633126458,0.025800820929130056,0.10813454669505577,0.032163656734203475,,,0.075,12,24
air_quality,C6H6(GT),segment_stuck_distribution_shift,min_tv_column,1.0,ldp_window_glr,shifted_validation,12,0.4729120133474118,0.09794782681919341,0.08937797100802775,0.04358574062915007,0.10813454669505577,0.032163656734203475,0.11138888888888888,0.0,0.075,12,24
air_quality,C6H6(GT),segment_stuck_distribution_shift,min_tv_column,1.0,privsaf_hmm,shifted_validation,12,0.31845459037253626,0.07903217531803046,0.05368434374527111,0.01876385760004623,0.10813454669505577,0.032163656734203475,0.11126923057765185,0.0,0.075,12,24
air_quality,C6H6(GT),segment_stuck_distribution_shift,min_tv_column,1.0,privsaf_mixture,shifted_validation,12,0.43460280958956027,0.020626467384972987,0.0655271377743793,0.022668192280172583,0.10813454669505577,0.032163656734203475,0.3009090909090909,0.0,0.075,12,24
beijing_air,Aotizhongxin PM2.5,segment_stuck_distribution_shift,min_tv_column,1.0,ldp_distribution_surprise,shifted_validation,12,0.4942827627517869,0.029598421800945525,0.07480700037528527,0.02625538234753302,0.09841729717435549,0.028436908580546497,,,0.075,12,24
beijing_air,Aotizhongxin PM2.5,segment_stuck_distribution_shift,min_tv_column,1.0,ldp_window_glr,shifted_validation,12,0.5953381355588044,0.1588333921588091,0.14260088197298046,0.08537388947076695,0.09841729717435549,0.028436908580546497,0.10576388888888888,0.0,0.075,12,24
beijing_air,Aotizhongxin PM2.5,segment_stuck_distribution_shift,min_tv_column,1.0,privsaf_hmm,shifted_validation,12,0.48502886750054147,0.15158184204204228,0.08328451449795558,0.04699579177288248,0.09841729717435549,0.028436908580546497,0.04765411168638106,0.0,0.075,12,24
beijing_air,Aotizhongxin PM2.5,segment_stuck_distribution_shift,min_tv_column,1.0,privsaf_mixture,shifted_validation,12,0.4937015885585878,0.03732361118619719,0.07967924181983486,0.03285360563820909,0.09841729717435549,0.028436908580546497,0.294520202020202,0.25,0.075,12,24
bike_sharing,cnt,segment_stuck_distribution_shift,min_tv_column,1.0,ldp_distribution_surprise,shifted_validation,12,0.4445355310537145,0.021458924951815478,0.06749308241234915,0.02291877088175252,0.18645046142667354,0.07936201271770309,,,0.075,12,24
bike_sharing,cnt,segment_stuck_distribution_shift,min_tv_column,1.0,ldp_window_glr,shifted_validation,12,0.6123176914121724,0.14496491875930784,0.19781716792694046,0.15733489330142778,0.18645046142667354,0.07936201271770309,0.11118055555555556,0.0,0.075,12,24
bike_sharing,cnt,segment_stuck_distribution_shift,min_tv_column,1.0,privsaf_hmm,shifted_validation,12,0.5128173394520251,0.30218722979581164,0.22872591041615306,0.23715522222563415,0.18645046142667354,0.07936201271770309,0.016060087625867015,0.08333333333333333,0.075,12,24
bike_sharing,cnt,segment_stuck_distribution_shift,min_tv_column,1.0,privsaf_mixture,shifted_validation,12,0.4497245742635911,0.06246138513856331,0.06930601333609525,0.022373665491131667,0.18645046142667354,0.07936201271770309,0.03883838383838383,0.0,0.075,12,24
household_power,Global_active_power hourly sample,segment_stuck_distribution_shift,min_tv_column,1.0,ldp_distribution_surprise,shifted_validation,12,0.4743857957006714,0.02375835800262015,0.07185372608420533,0.026379364678109397,0.07893462816275261,0.02253273525190523,,,0.075,12,24
household_power,Global_active_power hourly sample,segment_stuck_distribution_shift,min_tv_column,1.0,ldp_window_glr,shifted_validation,12,0.5323376583820663,0.13683552483911104,0.1026338952973166,0.03730405119807594,0.07893462816275261,0.02253273525190523,0.11152777777777778,0.0,0.075,12,24
household_power,Global_active_power hourly sample,segment_stuck_distribution_shift,min_tv_column,1.0,privsaf_hmm,shifted_validation,12,0.4733859581438163,0.14517301129057658,0.11369796172022993,0.0770778772362628,0.07893462816275261,0.02253273525190523,0.016676577252382738,0.0,0.075,12,24
household_power,Global_active_power hourly sample,segment_stuck_distribution_shift,min_tv_column,1.0,privsaf_mixture,shifted_validation,12,0.4886617392246047,0.027914933673338208,0.07397355414294819,0.027889254972843655,0.07893462816275261,0.02253273525190523,0.059772727272727276,0.0,0.075,12,24
nab,value,segment_stuck_distribution_shift,min_tv_column,1.0,ldp_distribution_surprise,shifted_validation,12,0.45856276735434265,0.03018545136403281,0.06917221412578317,0.02411249024282804,0.11479589736840129,0.03622290764452081,,,0.075,12,24
nab,value,segment_stuck_distribution_shift,min_tv_column,1.0,ldp_window_glr,shifted_validation,12,0.4417288857753953,0.0831130049169204,0.07318009063958086,0.02473646881768798,0.11479589736840129,0.03622290764452081,0.10659722222222222,0.0,0.075,12,24
nab,value,segment_stuck_distribution_shift,min_tv_column,1.0,privsaf_hmm,shifted_validation,12,0.460685036278969,0.049177533812701554,0.06541640347592068,0.02287158821767772,0.11479589736840129,0.03622290764452081,0.189599403862497,0.0,0.075,12,24
nab,value,segment_stuck_distribution_shift,min_tv_column,1.0,privsaf_mixture,shifted_validation,12,0.5031532075752653,0.023805435794184236,0.07515489123144929,0.024457935975589238,0.11479589736840129,0.03622290764452081,0.3433080808080808,0.0,0.075,12,24
air_quality,C6H6(GT),segment_stuck_distribution_shift,min_tv_column,2.0,ldp_distribution_surprise,shifted_validation,12,0.42260279605263157,0.027856106353697445,0.06685161045082677,0.024123096982630574,0.2580221151621452,0.15950026459556788,,,0.075,12,24
air_quality,C6H6(GT),segment_stuck_distribution_shift,min_tv_column,2.0,ldp_window_glr,shifted_validation,12,0.49424971572449644,0.09096556052563101,0.08300969990400446,0.036898797057412426,0.2580221151621452,0.15950026459556788,0.10409722222222222,0.08333333333333333,0.075,12,24
air_quality,C6H6(GT),segment_stuck_distribution_shift,min_tv_column,2.0,privsaf_hmm,shifted_validation,12,0.37618109703270525,0.08085314199435158,0.057159552754023284,0.02157619346885476,0.2580221151621452,0.15950026459556788,0.14966759953506834,0.0,0.075,12,24
air_quality,C6H6(GT),segment_stuck_distribution_shift,min_tv_column,2.0,privsaf_mixture,shifted_validation,12,0.46169088084795323,0.02523481838994262,0.06888594071892402,0.024723890653896734,0.2580221151621452,0.15950026459556788,0.26025252525252524,0.0,0.075,12,24
beijing_air,Aotizhongxin PM2.5,segment_stuck_distribution_shift,min_tv_column,2.0,ldp_distribution_surprise,shifted_validation,12,0.494198579976175,0.02986371730928085,0.07748398436624958,0.027686042397808447,0.25899461166043963,0.18048364807457906,,,0.075,12,24
beijing_air,Aotizhongxin PM2.5,segment_stuck_distribution_shift,min_tv_column,2.0,ldp_window_glr,shifted_validation,12,0.5546405945419103,0.09766141091379163,0.11428156976517596,0.06857735529639955,0.25899461166043963,0.18048364807457906,0.11361111111111111,0.0,0.075,12,24
beijing_air,Aotizhongxin PM2.5,segment_stuck_distribution_shift,min_tv_column,2.0,privsaf_hmm,shifted_validation,12,0.7176993312757202,0.10323106871176646,0.17828037124418886,0.11135290831075635,0.25899461166043963,0.18048364807457906,0.14514094214383413,0.5833333333333334,0.075,12,24
beijing_air,Aotizhongxin PM2.5,segment_stuck_distribution_shift,min_tv_column,2.0,privsaf_mixture,shifted_validation,12,0.5689618529348061,0.040617994047298364,0.09488118550085506,0.03481082663173673,0.25899461166043963,0.18048364807457906,0.265479797979798,0.4166666666666667,0.075,12,24
bike_sharing,cnt,segment_stuck_distribution_shift,min_tv_column,2.0,ldp_distribution_surprise,shifted_validation,12,0.3416502192982456,0.021075794513109466,0.05827413937069393,0.02055244318140742,0.37639194432831546,0.3211603799738596,,,0.075,12,24
bike_sharing,cnt,segment_stuck_distribution_shift,min_tv_column,2.0,ldp_window_glr,shifted_validation,12,0.7821966712692224,0.14491815403091915,0.30728193916635926,0.18288492574569032,0.37639194432831546,0.3211603799738596,0.12201388888888888,0.4166666666666667,0.075,12,24
bike_sharing,cnt,segment_stuck_distribution_shift,min_tv_column,2.0,privsaf_hmm,shifted_validation,12,0.672842382770197,0.35903417341542915,0.4662675846405108,0.39443060058881585,0.37639194432831546,0.3211603799738596,0.019604740513577593,0.5,0.075,12,24
bike_sharing,cnt,segment_stuck_distribution_shift,min_tv_column,2.0,privsaf_mixture,shifted_validation,12,0.5111841089993502,0.17789245380125565,0.0971308810708087,0.05848792228262591,0.37639194432831546,0.3211603799738596,0.03060606060606061,0.08333333333333333,0.075,12,24
household_power,Global_active_power hourly sample,segment_stuck_distribution_shift,min_tv_column,2.0,ldp_distribution_surprise,shifted_validation,12,0.41930027615334636,0.026777635073065065,0.06586548935796381,0.023689532791605215,0.19625938008560548,0.1110194931163746,,,0.075,12,24
household_power,Global_active_power hourly sample,segment_stuck_distribution_shift,min_tv_column,2.0,ldp_window_glr,shifted_validation,12,0.4867278535845787,0.10187432128168965,0.11504111591332124,0.06686082430226103,0.19625938008560548,0.1110194931163746,0.12034722222222222,0.0,0.075,12,24
household_power,Global_active_power hourly sample,segment_stuck_distribution_shift,min_tv_column,2.0,privsaf_hmm,shifted_validation,12,0.40173306530214425,0.2698273384948509,0.12521982624468844,0.1933697473516607,0.19625938008560548,0.1110194931163746,0.01582746630022192,0.16666666666666666,0.075,12,24
household_power,Global_active_power hourly sample,segment_stuck_distribution_shift,min_tv_column,2.0,privsaf_mixture,shifted_validation,12,0.42680406649339403,0.07434577964106234,0.06728631023627708,0.03262500546107565,0.19625938008560548,0.1110194931163746,0.033813131313131316,0.0,0.075,12,24
nab,value,segment_stuck_distribution_shift,min_tv_column,2.0,ldp_distribution_surprise,shifted_validation,12,0.3947965907244964,0.030202167667296536,0.06195832150873561,0.0212351223104693,0.2766522282738403,0.19196577879244656,,,0.075,12,24
nab,value,segment_stuck_distribution_shift,min_tv_column,2.0,ldp_window_glr,shifted_validation,12,0.3908564307179987,0.08582030512631772,0.062236748215566066,0.01952267570865638,0.2766522282738403,0.19196577879244656,0.10902777777777778,0.0,0.075,12,24
nab,value,segment_stuck_distribution_shift,min_tv_column,2.0,privsaf_hmm,shifted_validation,12,0.4472933587827594,0.06640761885661671,0.06392192561068992,0.022789730804735987,0.2766522282738403,0.19196577879244656,0.29692692803310305,0.0,0.075,12,24
nab,value,segment_stuck_distribution_shift,min_tv_column,2.0,privsaf_mixture,shifted_validation,12,0.4785222580950834,0.026661980192666156,0.07289303988140705,0.02477805090586626,0.2766522282738403,0.19196577879244656,0.3241414141414141,0.0,0.075,12,24
air_quality,C6H6(GT),segment_stuck_distribution_shift,mode_bucket,0.5,ldp_distribution_surprise,shifted_validation,12,0.48289255401234565,0.028885900534081792,0.07480567141809105,0.02560299232631537,0.06351155693537133,0.012861328515161108,,,0.075,12,24
air_quality,C6H6(GT),segment_stuck_distribution_shift,mode_bucket,0.5,ldp_window_glr,shifted_validation,12,0.5200590548516353,0.153837213351104,0.12065251737188117,0.11616317260777742,0.06351155693537133,0.012861328515161108,0.105,0.0,0.075,12,24
air_quality,C6H6(GT),segment_stuck_distribution_shift,mode_bucket,0.5,privsaf_hmm,shifted_validation,12,0.5046459416287633,0.13858679910406718,0.09191128081764384,0.06465967229782067,0.06351155693537133,0.012861328515161108,0.03617026413592471,0.08333333333333333,0.075,12,24
air_quality,C6H6(GT),segment_stuck_distribution_shift,mode_bucket,0.5,privsaf_mixture,shifted_validation,12,0.5000815430745073,0.032040934453515024,0.07492718984094386,0.02619985802565894,0.06351155693537133,0.012861328515161108,0.36073232323232324,0.0,0.075,12,24
beijing_air,Aotizhongxin PM2.5,segment_stuck_distribution_shift,mode_bucket,0.5,ldp_distribution_surprise,shifted_validation,12,0.48954224875460256,0.03461756396901474,0.07658997801401747,0.027238950620642313,0.056030887672650694,0.009731386111480353,,,0.075,12,24
beijing_air,Aotizhongxin PM2.5,segment_stuck_distribution_shift,mode_bucket,0.5,ldp_window_glr,shifted_validation,12,0.5089353882391163,0.15048583846460822,0.12564024977365865,0.06611628952533659,0.056030887672650694,0.009731386111480353,0.10243055555555554,0.0,0.075,12,24
beijing_air,Aotizhongxin PM2.5,segment_stuck_distribution_shift,mode_bucket,0.5,privsaf_hmm,shifted_validation,12,0.4671621521009313,0.1643761707362257,0.0977832220953344,0.08809973879661026,0.056030887672650694,0.009731386111480353,0.014163463512961714,0.16666666666666666,0.075,12,24
beijing_air,Aotizhongxin PM2.5,segment_stuck_distribution_shift,mode_bucket,0.5,privsaf_mixture,shifted_validation,12,0.4920308100498159,0.050179422533657134,0.07566261846678107,0.027867175056810904,0.056030887672650694,0.009731386111480353,0.32181818181818184,0.08333333333333333,0.075,12,24
bike_sharing,cnt,segment_stuck_distribution_shift,mode_bucket,0.5,ldp_distribution_surprise,shifted_validation,12,0.4922265709605805,0.027009848605060217,0.07641045448163748,0.02755203995876847,0.11217287814388416,0.029395215487649187,,,0.075,12,24
bike_sharing,cnt,segment_stuck_distribution_shift,mode_bucket,0.5,ldp_window_glr,shifted_validation,12,0.5867054499675114,0.1717242557194347,0.1492569522666601,0.11015803659947904,0.11217287814388416,0.029395215487649187,0.10562500000000001,0.25,0.075,12,24
bike_sharing,cnt,segment_stuck_distribution_shift,mode_bucket,0.5,privsaf_hmm,shifted_validation,12,0.5666418264024259,0.1798145040404636,0.1439192550329392,0.12264810853503436,0.11217287814388416,0.029395215487649187,0.019012391363780315,0.3333333333333333,0.075,12,24
bike_sharing,cnt,segment_stuck_distribution_shift,mode_bucket,0.5,privsaf_mixture,shifted_validation,12,0.5213090040881524,0.05737007821215886,0.08109617506078443,0.0311240490722123,0.11217287814388416,0.029395215487649187,0.17022727272727275,0.0,0.075,12,24
household_power,Global_active_power hourly sample,segment_stuck_distribution_shift,mode_bucket,0.5,ldp_distribution_surprise,shifted_validation,12,0.47793091428416723,0.029500471503104385,0.075016115690993,0.027059037672444716,0.03974343546438706,0.006691753333592887,,,0.075,12,24
household_power,Global_active_power hourly sample,segment_stuck_distribution_shift,mode_bucket,0.5,ldp_window_glr,shifted_validation,12,0.5046408483593242,0.09249339810838407,0.09730571242538318,0.03380959929498673,0.03974343546438706,0.006691753333592887,0.11305555555555556,0.0,0.075,12,24
household_power,Global_active_power hourly sample,segment_stuck_distribution_shift,mode_bucket,0.5,privsaf_hmm,shifted_validation,12,0.5147853719948018,0.13476343838270236,0.0926517243991923,0.05508250267258179,0.03974343546438706,0.006691753333592887,0.012735691930638884,0.0,0.075,12,24
household_power,Global_active_power hourly sample,segment_stuck_distribution_shift,mode_bucket,0.5,privsaf_mixture,shifted_validation,12,0.5002559833225038,0.033696484035395574,0.07754203823179724,0.025673230847978807,0.03974343546438706,0.006691753333592887,0.10439393939393939,0.0,0.075,12,24
nab,value,segment_stuck_distribution_shift,mode_bucket,0.5,ldp_distribution_surprise,shifted_validation,12,0.48097596179878704,0.03744365674730299,0.07195705032208675,0.026239290251769146,0.04920790762447794,0.008407162517247942,,,0.075,12,24
nab,value,segment_stuck_distribution_shift,mode_bucket,0.5,ldp_window_glr,shifted_validation,12,0.47368598724821315,0.1841508268201149,0.09516611912710722,0.047534961937460124,0.04920790762447794,0.008407162517247942,0.11027777777777777,0.0,0.075,12,24
nab,value,segment_stuck_distribution_shift,mode_bucket,0.5,privsaf_hmm,shifted_validation,12,0.5212526058587827,0.11010449268605872,0.09131826049112746,0.03825534227091739,0.04920790762447794,0.008407162517247942,0.03674980755932946,0.0,0.075,12,24
nab,value,segment_stuck_distribution_shift,mode_bucket,0.5,privsaf_mixture,shifted_validation,12,0.5284859114414121,0.020716315314892795,0.0821463934620876,0.027785100998984468,0.04920790762447794,0.008407162517247942,0.31136363636363634,0.08333333333333333,0.075,12,24
air_quality,C6H6(GT),segment_stuck_distribution_shift,mode_bucket,1.0,ldp_distribution_surprise,shifted_validation,12,0.48352362870911847,0.02416819872839988,0.07398812977181461,0.027287171575902748,0.13665172205286275,0.05577136205139941,,,0.075,12,24
air_quality,C6H6(GT),segment_stuck_distribution_shift,mode_bucket,1.0,ldp_window_glr,shifted_validation,12,0.5329657887968378,0.10818181407297806,0.10421533476478613,0.04000314701760658,0.13665172205286275,0.05577136205139941,0.10826388888888888,0.25,0.075,12,24
air_quality,C6H6(GT),segment_stuck_distribution_shift,mode_bucket,1.0,privsaf_hmm,shifted_validation,12,0.5269283016569201,0.07001597476395359,0.11410232879507659,0.07162268477220234,0.13665172205286275,0.05577136205139941,0.13660955830200402,0.08333333333333333,0.075,12,24
air_quality,C6H6(GT),segment_stuck_distribution_shift,mode_bucket,1.0,privsaf_mixture,shifted_validation,12,0.522427678958198,0.02676619091102654,0.08167867960883819,0.02773016909051823,0.13665172205286275,0.05577136205139941,0.3677020202020202,0.5,0.075,12,24
beijing_air,Aotizhongxin PM2.5,segment_stuck_distribution_shift,mode_bucket,1.0,ldp_distribution_surprise,shifted_validation,12,0.49334350295105045,0.030476470564433932,0.07577908382920195,0.02757493794386211,0.11886042005455949,0.04042049238252249,,,0.075,12,24
beijing_air,Aotizhongxin PM2.5,segment_stuck_distribution_shift,mode_bucket,1.0,ldp_window_glr,shifted_validation,12,0.5570677997076023,0.13120461166321867,0.09944045358547854,0.0332962001784843,0.11886042005455949,0.04042049238252249,0.106875,0.4166666666666667,0.075,12,24
beijing_air,Aotizhongxin PM2.5,segment_stuck_distribution_shift,mode_bucket,1.0,privsaf_hmm,shifted_validation,12,0.5340978313840156,0.16362248338491717,0.0954417898683767,0.04784394815255788,0.11886042005455949,0.04042049238252249,0.05455528404080818,0.4166666666666667,0.075,12,24
beijing_air,Aotizhongxin PM2.5,segment_stuck_distribution_shift,mode_bucket,1.0,privsaf_mixture,shifted_validation,12,0.4871572618854234,0.044201173656772466,0.07441625927022565,0.025318669190814963,0.11886042005455949,0.04042049238252249,0.30787878787878786,0.0,0.075,12,24
bike_sharing,cnt,segment_stuck_distribution_shift,mode_bucket,1.0,ldp_distribution_surprise,shifted_validation,12,0.49548538350119126,0.021613443507298758,0.08176122308993153,0.02806210939675214,0.22597162933270845,0.1156468428972703,,,0.075,12,24
bike_sharing,cnt,segment_stuck_distribution_shift,mode_bucket,1.0,ldp_window_glr,shifted_validation,12,0.6299736368312757,0.1734123887921337,0.19443732836190933,0.16281736439617694,0.22597162933270845,0.1156468428972703,0.1111111111111111,0.16666666666666666,0.075,12,24
bike_sharing,cnt,segment_stuck_distribution_shift,mode_bucket,1.0,privsaf_hmm,shifted_validation,12,0.5938918670132121,0.2892674346444398,0.27963856563348766,0.2393155175217522,0.22597162933270845,0.1156468428972703,0.013200953891259833,0.3333333333333333,0.075,12,24
bike_sharing,cnt,segment_stuck_distribution_shift,mode_bucket,1.0,privsaf_mixture,shifted_validation,12,0.5162204725741824,0.10635302247801999,0.08860744717634456,0.04455040601153168,0.22597162933270845,0.1156468428972703,0.030707070707070707,0.5,0.075,12,24
household_power,Global_active_power hourly sample,segment_stuck_distribution_shift,mode_bucket,1.0,ldp_distribution_surprise,shifted_validation,12,0.47205356901126266,0.02950239448763881,0.07208930225917341,0.02610496328706109,0.09296143318886814,0.030618516482884984,,,0.075,12,24
household_power,Global_active_power hourly sample,segment_stuck_distribution_shift,mode_bucket,1.0,ldp_window_glr,shifted_validation,12,0.4974509117121508,0.12340611885621236,0.0969884726807816,0.03700515031218613,0.09296143318886814,0.030618516482884984,0.11881944444444444,0.0,0.075,12,24
household_power,Global_active_power hourly sample,segment_stuck_distribution_shift,mode_bucket,1.0,privsaf_hmm,shifted_validation,12,0.47339377572016456,0.16032878442240733,0.11013864603301331,0.08354666393818673,0.09296143318886814,0.030618516482884984,0.01593616267429072,0.16666666666666666,0.075,12,24
household_power,Global_active_power hourly sample,segment_stuck_distribution_shift,mode_bucket,1.0,privsaf_mixture,shifted_validation,12,0.4714725301873511,0.03552866804474357,0.0727376299312693,0.02917961841475721,0.09296143318886814,0.030618516482884984,0.05308080808080809,0.08333333333333333,0.075,12,24
nab,value,segment_stuck_distribution_shift,mode_bucket,1.0,ldp_distribution_surprise,shifted_validation,12,0.45856276735434265,0.03018545136403281,0.06917221412578317,0.02411249024282804,0.11479589736840129,0.03622290764452081,,,0.075,12,24
nab,value,segment_stuck_distribution_shift,mode_bucket,1.0,ldp_window_glr,shifted_validation,12,0.4417288857753953,0.0831130049169204,0.07318009063958086,0.02473646881768798,0.11479589736840129,0.03622290764452081,0.10659722222222222,0.0,0.075,12,24
nab,value,segment_stuck_distribution_shift,mode_bucket,1.0,privsaf_hmm,shifted_validation,12,0.460685036278969,0.049177533812701554,0.06541640347592068,0.02287158821767772,0.11479589736840129,0.03622290764452081,0.189599403862497,0.0,0.075,12,24
nab,value,segment_stuck_distribution_shift,mode_bucket,1.0,privsaf_mixture,shifted_validation,12,0.5031532075752653,0.023805435794184236,0.07515489123144929,0.024457935975589238,0.11479589736840129,0.03622290764452081,0.3433080808080808,0.0,0.075,12,24
air_quality,C6H6(GT),segment_stuck_distribution_shift,mode_bucket,2.0,ldp_distribution_surprise,shifted_validation,12,0.4852170984946935,0.029066082925413232,0.07517189775236525,0.027177015761476537,0.300247040896933,0.23560264135888712,,,0.075,12,24
air_quality,C6H6(GT),segment_stuck_distribution_shift,mode_bucket,2.0,ldp_window_glr,shifted_validation,12,0.6564242879575483,0.12938079168794833,0.1564013207195564,0.08764646672553406,0.300247040896933,0.23560264135888712,0.10881944444444445,0.3333333333333333,0.075,12,24
air_quality,C6H6(GT),segment_stuck_distribution_shift,mode_bucket,2.0,privsaf_hmm,shifted_validation,12,0.725165759692441,0.09804102332562034,0.16248256861134414,0.11201770730114856,0.300247040896933,0.23560264135888712,0.22169245778089564,0.5,0.075,12,24
air_quality,C6H6(GT),segment_stuck_distribution_shift,mode_bucket,2.0,privsaf_mixture,shifted_validation,12,0.6195496263807668,0.034610245035404955,0.10962540147476435,0.03801898561149778,0.300247040896933,0.23560264135888712,0.3142676767676768,0.75,0.075,12,24
beijing_air,Aotizhongxin PM2.5,segment_stuck_distribution_shift,mode_bucket,2.0,ldp_distribution_surprise,shifted_validation,12,0.48624840941087283,0.03506925394092796,0.07704302802401526,0.028292567914384108,0.2593990725292424,0.18043428387028337,,,0.075,12,24
beijing_air,Aotizhongxin PM2.5,segment_stuck_distribution_shift,mode_bucket,2.0,ldp_window_glr,shifted_validation,12,0.3912572084145549,0.10235795181254241,0.06744028477477985,0.02526840599451031,0.2593990725292424,0.18043428387028337,0.11729166666666667,0.25,0.075,12,24
beijing_air,Aotizhongxin PM2.5,segment_stuck_distribution_shift,mode_bucket,2.0,privsaf_hmm,shifted_validation,12,0.4063728476283301,0.26680719924854207,0.08987433961053605,0.08621986100100434,0.2593990725292424,0.18043428387028337,0.08317699007025511,0.25,0.075,12,24
beijing_air,Aotizhongxin PM2.5,segment_stuck_distribution_shift,mode_bucket,2.0,privsaf_mixture,shifted_validation,12,0.4170303024149881,0.046934444824993246,0.06285770681328724,0.02284483100183635,0.2593990725292424,0.18043428387028337,0.20914141414141416,0.0,0.075,12,24
bike_sharing,cnt,segment_stuck_distribution_shift,mode_bucket,2.0,ldp_distribution_surprise,shifted_validation,12,0.48356432410114797,0.025377615446810015,0.08898271020023774,0.03122091545424229,0.43938588773589055,0.4278398318015226,,,0.075,12,24
bike_sharing,cnt,segment_stuck_distribution_shift,mode_bucket,2.0,ldp_window_glr,shifted_validation,12,0.8325113371778211,0.12571383484025975,0.39456231121326063,0.1945036392280889,0.43938588773589055,0.4278398318015226,0.12145833333333333,0.75,0.075,12,24
bike_sharing,cnt,segment_stuck_distribution_shift,mode_bucket,2.0,privsaf_hmm,shifted_validation,12,0.898135186538878,0.1857942253897397,0.6738895895389337,0.2704421238606601,0.43938588773589055,0.4278398318015226,0.01603662531118615,0.9166666666666666,0.075,12,24
bike_sharing,cnt,segment_stuck_distribution_shift,mode_bucket,2.0,privsaf_mixture,shifted_validation,12,0.6120214188055014,0.14832937181762865,0.13119775151384883,0.07936637221761583,0.43938588773589055,0.4278398318015226,0.01898989898989899,0.3333333333333333,0.075,12,24
household_power,Global_active_power hourly sample,segment_stuck_distribution_shift,mode_bucket,2.0,ldp_distribution_surprise,shifted_validation,12,0.4213054506443578,0.02836749127538876,0.06610725444651258,0.023644182311327696,0.21094779226632146,0.13130229874513977,,,0.075,12,24
household_power,Global_active_power hourly sample,segment_stuck_distribution_shift,mode_bucket,2.0,ldp_window_glr,shifted_validation,12,0.5148319897931557,0.1360352162357271,0.12094419637477262,0.07438984512708942,0.21094779226632146,0.13130229874513977,0.1170138888888889,0.0,0.075,12,24
household_power,Global_active_power hourly sample,segment_stuck_distribution_shift,mode_bucket,2.0,privsaf_hmm,shifted_validation,12,0.37299900503573746,0.28265694592011514,0.11089644878248435,0.1529108420216854,0.21094779226632146,0.13130229874513977,0.01754348042308815,0.16666666666666666,0.075,12,24
household_power,Global_active_power hourly sample,segment_stuck_distribution_shift,mode_bucket,2.0,privsaf_mixture,shifted_validation,12,0.3966358870749404,0.029696779026682035,0.061491717551126014,0.02213297604464181,0.21094779226632146,0.13130229874513977,0.04212121212121212,0.0,0.075,12,24
nab,value,segment_stuck_distribution_shift,mode_bucket,2.0,ldp_distribution_surprise,shifted_validation,12,0.37583490700129957,0.03070026691971309,0.059531004960942935,0.020846209514042643,0.25502492081656597,0.1611639498831775,,,0.075,12,24
nab,value,segment_stuck_distribution_shift,mode_bucket,2.0,ldp_window_glr,shifted_validation,12,0.3689721748429717,0.0791618250437046,0.05962414242094461,0.018528128687369354,0.25502492081656597,0.1611639498831775,0.10902777777777778,0.0,0.075,12,24
nab,value,segment_stuck_distribution_shift,mode_bucket,2.0,privsaf_hmm,shifted_validation,12,0.3993254886831276,0.07120429281246365,0.058807480584223866,0.020127528844257104,0.25502492081656597,0.1611639498831775,0.2893444811936492,0.0,0.075,12,24
nab,value,segment_stuck_distribution_shift,mode_bucket,2.0,privsaf_mixture,shifted_validation,12,0.43759758433506607,0.033628837942213774,0.06798845656005433,0.02288505941231196,0.25502492081656597,0.1611639498831775,0.30787878787878786,0.0,0.075,12,24
